Contact: First Name,Contact: Last Name,Contact: Types,Contact: LTV,Contact: Mailing Address,Contact: Phone,Contact: Email,Contact: Created Date,Contact: First Name Url,Contact: Last Name Url
Corey,Colby,Customer,0.00,"3501 Harrowgate Way, Tipton, IN 46072 US",(317) 555-0181,corey.colby@example.net,5/5/26,https://my.acculynx.example/contacts/ed49d383-1db0-f45c-4914-7a87e78d2eab,https://my.acculynx.example/contacts/ed49d383-1db0-f45c-4914-7a87e78d2eab
William,Ingram,Customer,0.00,"8308 Wrenfield Trail, Kokomo, IN 46902 US",5745550113,william.ingram@example.com,5/1/26,https://my.acculynx.example/contacts/f30e827a-2ce5-a1fc-2055-09127460d715,https://my.acculynx.example/contacts/f30e827a-2ce5-a1fc-2055-09127460d715
Thomas,Jessup,Customer,0.00,"108 Silverbirch Way, Kokomo, IN 46902 US",(765) 555-0195,thomas.jessup@example.org,3/29/26,https://my.acculynx.example/contacts/ffe1fab1-84b6-779f-b5d3-fe2e20cf6399,https://my.acculynx.example/contacts/ffe1fab1-84b6-779f-b5d3-fe2e20cf6399
Nancy,Carver,Customer,0.00,"2857 Briarcliff Drive, Marion, IN 46952 US",(574) 555-0195,nancy.carver@example.net,3/12/26,https://my.acculynx.example/contacts/5c701718-cc07-19f3-b270-9eaa0ef4bde8,https://my.acculynx.example/contacts/5c701718-cc07-19f3-b270-9eaa0ef4bde8
Linda,Sayer,Customer,0.00,"7401 Linden Trail, Marion, IN 46952 US",(260) 555-0188,linda.sayer@example.com,3/29/26,https://my.acculynx.example/contacts/488c524b-e898-a039-55c2-0cef1e298350,https://my.acculynx.example/contacts/488c524b-e898-a039-55c2-0cef1e298350
Corey,Lockhart,Customer,0.00,"8629 Millbrook Way, Kokomo, IN 46901-8480 US",(260) 555-0141,corey.lockhart@example.com,1/31/26,https://my.acculynx.example/contacts/ab5f52e5-4371-e229-2dc2-1f4b41a0fb6e,https://my.acculynx.example/contacts/ab5f52e5-4371-e229-2dc2-1f4b41a0fb6e
Matthew,Lachlan,Customer,0.00,"3804 Briarcliff Drive, Kokomo, IN 46902 US",(574) 555-0190,matthew.lachlan@example.net,4/14/26,https://my.acculynx.example/contacts/ca7ed89b-07e7-bf68-12af-1eafc0125ceb,https://my.acculynx.example/contacts/ca7ed89b-07e7-bf68-12af-1eafc0125ceb
Stephanie,Quinlan,Customer,0.00,"9027 Ridge Drive, Russiaville, IN 46979 US",(260) 555-0160,stephanie.quinlan@example.com,2/15/26,https://my.acculynx.example/contacts/6516580b-5814-949e-ee1f-1c6dc4224807,https://my.acculynx.example/contacts/6516580b-5814-949e-ee1f-1c6dc4224807
Tyler,Marlowe,Customer,0.00,"1725 Hollow Drive, Logansport, IN 46947 US",(260) 555-0190,tyler.marlowe@example.net,3/5/26,https://my.acculynx.example/contacts/7cae7b3e-7ad9-933d-2300-a352586682fd,https://my.acculynx.example/contacts/7cae7b3e-7ad9-933d-2300-a352586682fd
Ashley,Fenwick,Customer,8539.96,"3895 Heathridge Street, Russiaville, IN 46979 US",(765) 555-0161,ashley.fenwick@example.com,2/13/26,https://my.acculynx.example/contacts/f30070e8-26eb-6cbd-53ac-ada7dc214d0f,https://my.acculynx.example/contacts/f30070e8-26eb-6cbd-53ac-ada7dc214d0f
Gary,Dalton,Customer,0.00,"3830 Stonecrest Drive, Tipton, IN 46072 US",2605550114,gary.dalton@example.com,4/23/26,https://my.acculynx.example/contacts/66ece787-f3f4-7a11-2f3e-3aa629624a5d,https://my.acculynx.example/contacts/66ece787-f3f4-7a11-2f3e-3aa629624a5d
Angela,Corwin,Customer,0.00,"5229 Meadowlark Drive, Greentown, IN 46936 US",(317) 555-0139,angela.corwin@example.com,1/26/26,https://my.acculynx.example/contacts/7af82e5c-f4f1-61f5-a03a-f7910079f830,https://my.acculynx.example/contacts/7af82e5c-f4f1-61f5-a03a-f7910079f830
Brandon,Radford,Customer,0.00,"5111 Sablewood Drive, Galveston, IN 46932 US",(574) 555-0173,brandon.radford@example.com,4/28/26,https://my.acculynx.example/contacts/ba306fd0-952e-6024-f785-decd3bc14805,https://my.acculynx.example/contacts/ba306fd0-952e-6024-f785-decd3bc14805
Joshua,Ingram,Customer,12975.40,"8343 Willowmere Street, Russiaville, IN 46979 US",(317) 555-0179,joshua.ingram@example.net,4/3/26,https://my.acculynx.example/contacts/2f24f1db-24d6-417d-cef1-b97ceec0534e,https://my.acculynx.example/contacts/2f24f1db-24d6-417d-cef1-b97ceec0534e
Susan,Carver,Customer,0.00,"6664 Millbrook Way, Kokomo, IN 46901-8403 US",2605550133,,1/7/26,https://my.acculynx.example/contacts/c4fd04af-39c3-6b16-0190-f9d810158fb2,https://my.acculynx.example/contacts/c4fd04af-39c3-6b16-0190-f9d810158fb2
Brittany,Oakley,Customer,0.00,"5520 Millbrook Lane, Russiaville, IN 46979 US",2605550128,brittany.oakley@example.org,3/16/26,https://my.acculynx.example/contacts/0ac12829-3bfd-9526-f6e1-62adf17cd824,https://my.acculynx.example/contacts/0ac12829-3bfd-9526-f6e1-62adf17cd824
Kimberly,Keller,Customer,0.00,"6498 Ridge Court, Russiaville, IN 46979 US",(260) 555-0136,kimberly.keller@example.com,2/1/26,https://my.acculynx.example/contacts/f3938051-20c7-5423-4350-2097f053c33c,https://my.acculynx.example/contacts/f3938051-20c7-5423-4350-2097f053c33c
Lisa,Norwood,Customer,0.00,"3639 Wrenfield Street, Peru, IN 46970 US",(260) 555-0183,lisa.norwood@example.net,4/21/26,https://my.acculynx.example/contacts/a743a07c-66e2-6dea-2f88-62aa43285fac,https://my.acculynx.example/contacts/a743a07c-66e2-6dea-2f88-62aa43285fac
Corey,Dalton,Customer,0.00,"8688 Ridge Trail, Logansport, IN 46947 US",(317) 555-0145,corey.dalton@example.org,5/10/26,https://my.acculynx.example/contacts/d41c56c1-9195-ea12-db36-07acfaa75129,https://my.acculynx.example/contacts/d41c56c1-9195-ea12-db36-07acfaa75129
Dustin,Bramwell,Customer,0.00,"5322 Stonecrest Circle, Marion, IN 46952 US",(317) 555-0133,dustin.bramwell@example.com,5/12/26,https://my.acculynx.example/contacts/e0b06b6f-24c1-bec3-34ee-0859d7622058,https://my.acculynx.example/contacts/e0b06b6f-24c1-bec3-34ee-0859d7622058
Nancy,Abbott,Customer,3129.46,"9473 Harrowgate Road, Kokomo, IN 46901-1920 US",(260) 555-0195,nancy.abbott@example.net,4/5/26,https://my.acculynx.example/contacts/fa82f04d-436d-f4d3-e408-675773c84148,https://my.acculynx.example/contacts/fa82f04d-436d-f4d3-e408-675773c84148
Lisa,Wainwright,Customer,0.00,"5534 Fernhollow Circle, Kokomo, IN 46901 US",5745550112,lisa.wainwright@example.net,3/29/26,https://my.acculynx.example/contacts/e6959a83-3060-2c6f-db61-7a9cd891edcc,https://my.acculynx.example/contacts/e6959a83-3060-2c6f-db61-7a9cd891edcc
Kimberly,Jessup,Customer,0.00,"3280 Meadowlark Court, Kokomo, IN 46901 US",(260) 555-0164,kimberly.jessup@example.net,4/12/26,https://my.acculynx.example/contacts/faa2bec3-c6f1-6bca-75f3-d6dd88195bac,https://my.acculynx.example/contacts/faa2bec3-c6f1-6bca-75f3-d6dd88195bac
Emily,Sheffield,Customer,0.00,"202 Wrenfield Road, Kokomo, IN 46901 US",(317) 555-0193,emily.sheffield@example.com,4/3/26,https://my.acculynx.example/contacts/a06ff9b3-7adc-ada0-1727-4e9f5bdd4916,https://my.acculynx.example/contacts/a06ff9b3-7adc-ada0-1727-4e9f5bdd4916
Nicholas,Ainsley,Customer,0.00,"6681 Ridge Drive, Galveston, IN 46932-6647 US",(317) 555-0108,nicholas.ainsley@example.net,2/18/26,https://my.acculynx.example/contacts/c7fb3038-394f-3734-d11d-7171fed91c30,https://my.acculynx.example/contacts/c7fb3038-394f-3734-d11d-7171fed91c30
Eric,Sheffield,Customer,0.00,"4292 Linden Circle, Kokomo, IN 46901 US",(260) 555-0108,eric.sheffield@example.com,2/8/26,https://my.acculynx.example/contacts/fa7bf35a-8f37-1ef3-da86-332b4b0b36a1,https://my.acculynx.example/contacts/fa7bf35a-8f37-1ef3-da86-332b4b0b36a1
Jacob,Rowntree,Customer,0.00,"1058 Willowmere Lane, Kokomo, IN 46902 US",(260) 555-0103,jacob.rowntree@example.org,3/19/26,https://my.acculynx.example/contacts/492e878c-bc53-b939-a956-7065b8020e22,https://my.acculynx.example/contacts/492e878c-bc53-b939-a956-7065b8020e22
Ashley,Yardley,Customer,0.00,"2329 Linden Circle, Kokomo, IN 46901 US",(574) 555-0186,,1/5/26,https://my.acculynx.example/contacts/1664fb11-b378-ac70-52ee-058e73137e98,https://my.acculynx.example/contacts/1664fb11-b378-ac70-52ee-058e73137e98
Jacob,Keller,Customer,0.00,"1794 Ashgrove Street, Kokomo, IN 46901 US",(574) 555-0172,jacob.keller@example.com,4/27/26,https://my.acculynx.example/contacts/20ecaa76-16c1-f9ac-eb33-fb3c063834fe,https://my.acculynx.example/contacts/20ecaa76-16c1-f9ac-eb33-fb3c063834fe
Gary,Hadley,Customer,0.00,"8834 Harrowgate Circle, Kokomo, IN 46902 US",(260) 555-0135,gary.hadley@example.org,3/18/26,https://my.acculynx.example/contacts/9b021066-0f8e-4727-91c3-7edcb644be20,https://my.acculynx.example/contacts/9b021066-0f8e-4727-91c3-7edcb644be20
Paul,Fenwick,Customer,0.00,"3316 Bramblewood Way, Greentown, IN 46936 US",(765) 555-0172,paul.fenwick@example.net,5/14/26,https://my.acculynx.example/contacts/8ecf494a-3538-2748-8b58-0bc6a8a07715,https://my.acculynx.example/contacts/8ecf494a-3538-2748-8b58-0bc6a8a07715
William,Sheffield,Customer,0.00,"8412 Meadowlark Lane, Kokomo, IN 46901 US",(317) 555-0130,william.sheffield@example.org,1/30/26,https://my.acculynx.example/contacts/0b5843d9-e4a4-0db9-3b93-ad792c51e0ad,https://my.acculynx.example/contacts/0b5843d9-e4a4-0db9-3b93-ad792c51e0ad
Travis,Calloway,Customer,0.00,"926 Bramblewood Street, Greentown, IN 46936 US",(317) 555-0194,travis.calloway@example.org,2/19/26,https://my.acculynx.example/contacts/3c4fed76-17cf-6f55-6701-b4b3a7f3bb45,https://my.acculynx.example/contacts/3c4fed76-17cf-6f55-6701-b4b3a7f3bb45
Mary,Bramwell,Customer,0.00,"1886 Copperleaf Court, Russiaville, IN 46979 US",(260) 555-0198,mary.bramwell@example.org,2/14/26,https://my.acculynx.example/contacts/d0c326f2-40ae-e265-73a7-079a11778c55,https://my.acculynx.example/contacts/d0c326f2-40ae-e265-73a7-079a11778c55
Mary,Barlow,Customer,0.00,"5533 Larkspur Circle, Kokomo, IN 46901 US",(574) 555-0142,mary.barlow@example.net,3/15/26,https://my.acculynx.example/contacts/d9c60afe-ea9d-79ea-f26c-616b8d3c1b97,https://my.acculynx.example/contacts/d9c60afe-ea9d-79ea-f26c-616b8d3c1b97
Ryan,Prewitt,Customer,0.00,"9307 Ashgrove Road, Greentown, IN 46936 US",(574) 555-0167,ryan.prewitt@example.org,2/20/26,https://my.acculynx.example/contacts/790b4548-4664-c4bd-b764-73046b7e210f,https://my.acculynx.example/contacts/790b4548-4664-c4bd-b764-73046b7e210f
Kayla,Lockhart,Customer,0.00,"5028 Larkspur Circle, Peru, IN 46970 US",5745550154,kayla.lockhart@example.org,3/11/26,https://my.acculynx.example/contacts/730cb6e1-e296-d637-9eb9-36151a590ede,https://my.acculynx.example/contacts/730cb6e1-e296-d637-9eb9-36151a590ede
Mary,Mayfield,Customer,0.00,"3020 Heathridge Trail, Tipton, IN 46072 US",(317) 555-0196,mary.mayfield@example.net,4/29/26,https://my.acculynx.example/contacts/5d29364b-382c-8738-bcfd-222be23baf65,https://my.acculynx.example/contacts/5d29364b-382c-8738-bcfd-222be23baf65
Karen,Stoddard,Customer,0.00,"8648 Copperleaf Drive, Logansport, IN 46947 US",(260) 555-0106,karen.stoddard@example.org,4/20/26,https://my.acculynx.example/contacts/8fd3d231-7538-4e6f-c1eb-94b1b35eb0b9,https://my.acculynx.example/contacts/8fd3d231-7538-4e6f-c1eb-94b1b35eb0b9
Cynthia,Selby,Customer,0.00,"3061 Tamarack Court, Russiaville, IN 46979 US",(260) 555-0196,cynthia.selby@example.net,2/27/26,https://my.acculynx.example/contacts/182bbf93-9a1d-bf4e-ec1e-5658f2e3f9a5,https://my.acculynx.example/contacts/182bbf93-9a1d-bf4e-ec1e-5658f2e3f9a5
Brian,Wainwright,Customer,0.00,"7356 Kestrel Road, Russiaville, IN 46979 US",(574) 555-0191,brian.wainwright@example.com,2/7/26,https://my.acculynx.example/contacts/44c7d8d4-5a31-a4aa-439c-b0ce94a42317,https://my.acculynx.example/contacts/44c7d8d4-5a31-a4aa-439c-b0ce94a42317
Daniel,Kimball,Customer,0.00,"5296 Ashgrove Drive, Kokomo, IN 46902 US",(317) 555-0178,daniel.kimball@example.net,5/6/26,https://my.acculynx.example/contacts/3b53c57f-7460-8b36-bae0-4b1d27f3af99,https://my.acculynx.example/contacts/3b53c57f-7460-8b36-bae0-4b1d27f3af99
James,Merrick,Customer,0.00,"8025 Meadowlark Drive, Russiaville, IN 46979 US",(260) 555-0142,james.merrick@example.com,4/12/26,https://my.acculynx.example/contacts/39c0128d-4c45-7989-291d-8e91f128ce4d,https://my.acculynx.example/contacts/39c0128d-4c45-7989-291d-8e91f128ce4d
Jacob,Garrity,Customer,0.00,"383 Foxglove Way, Kokomo, IN 46902-5834 US",3175550115,jacob.garrity@example.net,4/5/26,https://my.acculynx.example/contacts/9e9aa1fc-6fb3-3b6a-704f-7c2ed0438c6c,https://my.acculynx.example/contacts/9e9aa1fc-6fb3-3b6a-704f-7c2ed0438c6c
Mark,Colby,Customer,0.00,"3369 Hollow Trail, Marion, IN 46952-4007 US",(260) 555-0185,mark.colby@example.org,5/8/26,https://my.acculynx.example/contacts/ddaaeeff-7cbc-ef8c-92c4-33b6669cd6c1,https://my.acculynx.example/contacts/ddaaeeff-7cbc-ef8c-92c4-33b6669cd6c1
Mark,Garrity,Customer,0.00,"9814 Foxglove Street, Kokomo, IN 46901 US",(574) 555-0165,mark.garrity@example.com,4/11/26,https://my.acculynx.example/contacts/b1a2d2a0-198d-15ba-2bca-a28ef902e64a,https://my.acculynx.example/contacts/b1a2d2a0-198d-15ba-2bca-a28ef902e64a
Donna,Nolan,Customer,0.00,"8863 Fernhollow Trail, Galveston, IN 46932 US",(317) 555-0109,,1/12/26,https://my.acculynx.example/contacts/d67ae746-9dbb-49b9-7f46-55ecc1b49d94,https://my.acculynx.example/contacts/d67ae746-9dbb-49b9-7f46-55ecc1b49d94
Kevin,Ziegler,Customer,0.00,"2611 Copperleaf Lane, Peru, IN 46970 US",(317) 555-0152,kevin.ziegler@example.net,2/9/26,https://my.acculynx.example/contacts/60eec186-e897-2101-1841-db4ce919f078,https://my.acculynx.example/contacts/60eec186-e897-2101-1841-db4ce919f078
Nancy,Beckett,Customer,0.00,"6929 Bramblewood Lane, Peru, IN 46970 US",(260) 555-0122,nancy.beckett@example.net,3/16/26,https://my.acculynx.example/contacts/aa8efd4f-5b86-20a6-0649-919115be6e1d,https://my.acculynx.example/contacts/aa8efd4f-5b86-20a6-0649-919115be6e1d
Amanda,Radford,Customer,930.86,"9776 Sablewood Way, Kokomo, IN 46902 US",(260) 555-0150,amanda.radford@example.org,4/28/26,https://my.acculynx.example/contacts/01f29c9a-01de-fa29-c83c-d322f302dc79,https://my.acculynx.example/contacts/01f29c9a-01de-fa29-c83c-d322f302dc79
Thomas,Halvorsen,Customer,0.00,"8466 Heathridge Street, Kokomo, IN 46901 US",(574) 555-0106,na@example.com,4/6/26,https://my.acculynx.example/contacts/f40f1251-c3ce-5b59-ba34-facb00284ad3,https://my.acculynx.example/contacts/f40f1251-c3ce-5b59-ba34-facb00284ad3
Amy,Marlowe,Customer,0.00,"2945 Sablewood Court, Kokomo, IN 46901-1470 US",(317) 555-0100,amy.marlowe@example.org,4/21/26,https://my.acculynx.example/contacts/70e9d862-4bda-481b-ea58-5d01f96a6a74,https://my.acculynx.example/contacts/70e9d862-4bda-481b-ea58-5d01f96a6a74
Barbara,Chandler,Customer,0.00,"5370 Willowmere Way, Galveston, IN 46932 US",(317) 555-0106,barbara.chandler@example.org,1/9/26,https://my.acculynx.example/contacts/6bd1f0b6-3ae2-3e78-9716-a6a9cdb352e2,https://my.acculynx.example/contacts/6bd1f0b6-3ae2-3e78-9716-a6a9cdb352e2
Megan,Winslow,Customer,0.00,"8235 Thornapple Court, Kokomo, IN 46902 US",(260) 555-0138,megan.winslow@example.org,2/16/26,https://my.acculynx.example/contacts/32e9724d-cd00-b4fe-6b4e-2a0885109bd5,https://my.acculynx.example/contacts/32e9724d-cd00-b4fe-6b4e-2a0885109bd5
Matthew,Ellery,Customer,0.00,"590 Hollow Way, Russiaville, IN 46979 US",(317) 555-0195,,1/19/26,https://my.acculynx.example/contacts/ac6c58cb-e4d9-e521-7610-2260ac85bc35,https://my.acculynx.example/contacts/ac6c58cb-e4d9-e521-7610-2260ac85bc35
Michelle,Crandall,Customer,0.00,"9417 Juniper Drive, Kokomo, IN 46902 US",(574) 555-0157,michelle.crandall@example.org,2/28/26,https://my.acculynx.example/contacts/69402bd4-e3db-71a2-7cc2-25337df723ee,https://my.acculynx.example/contacts/69402bd4-e3db-71a2-7cc2-25337df723ee
Michael,Radford,Customer,0.00,"3116 Sablewood Way, Galveston, IN 46932 US",(574) 555-0138,michael.radford@example.org,4/10/26,https://my.acculynx.example/contacts/3942f865-1a64-093c-3f3f-d78c6c01f207,https://my.acculynx.example/contacts/3942f865-1a64-093c-3f3f-d78c6c01f207
Wade,Norwood,Customer,0.00,"5487 Hollow Circle, Galveston, IN 46932 US",(317) 555-0172,wade.norwood@example.org,3/7/26,https://my.acculynx.example/contacts/12546cc3-1597-0f7f-3185-5ff20b96b80e,https://my.acculynx.example/contacts/12546cc3-1597-0f7f-3185-5ff20b96b80e
Charles,Halvorsen,Customer,0.00,"6395 Kestrel Way, Galveston, IN 46932 US",(260) 555-0127,,4/16/26,https://my.acculynx.example/contacts/5e52af43-a3b1-8737-4113-4bdd1fb5af1a,https://my.acculynx.example/contacts/5e52af43-a3b1-8737-4113-4bdd1fb5af1a
Daniel,Thackeray,Customer,0.00,"7864 Quillmont Trail, Kokomo, IN 46901 US",5745550102,na@example.com,3/11/26,https://my.acculynx.example/contacts/368f7c71-c4f1-9c93-aefe-1896a54c6c25,https://my.acculynx.example/contacts/368f7c71-c4f1-9c93-aefe-1896a54c6c25
Heather,Easton,Customer,0.00,"6007 Silverbirch Road, Kokomo, IN 46902 US",(317) 555-0124,heather.easton@example.com,5/9/26,https://my.acculynx.example/contacts/4467dc92-3183-a3c9-71a6-3db9f5fb5371,https://my.acculynx.example/contacts/4467dc92-3183-a3c9-71a6-3db9f5fb5371
Angela,Tindall,Customer,0.00,"288 Ravenwood Lane, Peru, IN 46970 US",(317) 555-0151,angela.tindall@example.net,2/26/26,https://my.acculynx.example/contacts/d813339e-60de-37a5-035e-d76d186dbfd9,https://my.acculynx.example/contacts/d813339e-60de-37a5-035e-d76d186dbfd9
Emily,Crandall,Customer,16374.61,"7977 Thornapple Circle, Tipton, IN 46072 US",(574) 555-0198,emily.crandall@example.org,5/5/26,https://my.acculynx.example/contacts/3a9bfe32-a2c0-f8f0-30a9-31c877021623,https://my.acculynx.example/contacts/3a9bfe32-a2c0-f8f0-30a9-31c877021623
Joseph,Tindall,Customer,0.00,"7311 Hollow Road, Logansport, IN 46947 US",(317) 555-0163,joseph.tindall@example.com,3/2/26,https://my.acculynx.example/contacts/086a8154-681c-014a-89e3-797dc3e206cc,https://my.acculynx.example/contacts/086a8154-681c-014a-89e3-797dc3e206cc
Michelle,Jessup,Customer,0.00,"6684 Wrenfield Drive, Kokomo, IN 46901 US",(574) 555-0140,michelle.jessup@example.org,3/3/26,https://my.acculynx.example/contacts/3e1e7b6c-afb7-60b8-0261-e18b5814045c,https://my.acculynx.example/contacts/3e1e7b6c-afb7-60b8-0261-e18b5814045c
Laura,Lachlan,Customer,0.00,"8140 Bellhaven Street, Kokomo, IN 46902 US",3175550148,,3/25/26,https://my.acculynx.example/contacts/d6666f4d-1e89-6ba5-9e2b-90ef752870cc,https://my.acculynx.example/contacts/d6666f4d-1e89-6ba5-9e2b-90ef752870cc
Cody,Prewitt,Customer,0.00,"1005 Wrenfield Way, Greentown, IN 46936 US",(574) 555-0193,cody.prewitt@example.net,4/20/26,https://my.acculynx.example/contacts/d1e5ba07-9a72-ddbc-1522-d0f53040f282,https://my.acculynx.example/contacts/d1e5ba07-9a72-ddbc-1522-d0f53040f282
Anthony,Keller,Customer,0.00,"7306 Ashgrove Court, Kokomo, IN 46901 US",(574) 555-0100,anthony.keller@example.org,3/20/26,https://my.acculynx.example/contacts/631d0e6b-17bb-de52-c6ed-d25a29330c44,https://my.acculynx.example/contacts/631d0e6b-17bb-de52-c6ed-d25a29330c44
Tasha,Wainwright,Customer,17227.63,"3782 Willowmere Trail, Greentown, IN 46936 US",(574) 555-0144,tasha.wainwright@example.com,1/27/26,https://my.acculynx.example/contacts/43489b91-4458-f45e-1cfc-c7feb9117144,https://my.acculynx.example/contacts/43489b91-4458-f45e-1cfc-c7feb9117144
Nancy,Wainwright,Customer,0.00,"9443 Tamarack Trail, Galveston, IN 46932 US",(574) 555-0137,nancy.wainwright@example.com,2/4/26,https://my.acculynx.example/contacts/b7b21ca4-448d-ce1b-cf9d-78748451a461,https://my.acculynx.example/contacts/b7b21ca4-448d-ce1b-cf9d-78748451a461
Michael,Fenwick,Customer,0.00,"1580 Copperleaf Road, Logansport, IN 46947-1798 US",7655550185,michael.fenwick@example.net,2/19/26,https://my.acculynx.example/contacts/f5fa541b-13a6-4bae-3d3b-3604bc1fc98a,https://my.acculynx.example/contacts/f5fa541b-13a6-4bae-3d3b-3604bc1fc98a
Mark,Jessup,Customer,0.00,"4327 Silverbirch Road, Marion, IN 46952 US",(574) 555-0164,mark.jessup@example.org,1/10/26,https://my.acculynx.example/contacts/77c9fe38-b7a1-4f51-5321-80ab5bed89cf,https://my.acculynx.example/contacts/77c9fe38-b7a1-4f51-5321-80ab5bed89cf
Melissa,Beckett,Customer,0.00,"1836 Silverbirch Road, Kokomo, IN 46902 US",(260) 555-0166,melissa.beckett@example.com,1/12/26,https://my.acculynx.example/contacts/a1856fbb-5ec0-9cd4-ac99-4c224d00feb3,https://my.acculynx.example/contacts/a1856fbb-5ec0-9cd4-ac99-4c224d00feb3
Brandon,Quinlan,Customer,0.00,"1692 Linden Drive, Kokomo, IN 46902 US",5745550177,brandon.quinlan@example.net,3/3/26,https://my.acculynx.example/contacts/8cb7b7c6-45af-dad1-2992-57bc9988ca98,https://my.acculynx.example/contacts/8cb7b7c6-45af-dad1-2992-57bc9988ca98
Kimberly,Calloway,Customer,0.00,"4855 Copperleaf Street, Russiaville, IN 46979 US",(765) 555-0147,kimberly.calloway@example.net,3/18/26,https://my.acculynx.example/contacts/fdf2d03b-68f6-8cea-d25b-2e76b914fc59,https://my.acculynx.example/contacts/fdf2d03b-68f6-8cea-d25b-2e76b914fc59
Kevin,Fairchild,Customer,0.00,"8517 Stonecrest Trail, Logansport, IN 46947 US",3175550189,kevin.fairchild@example.com,2/23/26,https://my.acculynx.example/contacts/b23432be-e730-20e7-f84b-7e476d4f56ed,https://my.acculynx.example/contacts/b23432be-e730-20e7-f84b-7e476d4f56ed
Robert,Tindall,Customer,0.00,"7370 Linden Circle, Tipton, IN 46072 US",(317) 555-0161,robert.tindall@example.org,2/25/26,https://my.acculynx.example/contacts/e7ba6d07-8e99-838f-57e9-c241d1ebe4ce,https://my.acculynx.example/contacts/e7ba6d07-8e99-838f-57e9-c241d1ebe4ce
Kevin,Kimball,Customer,0.00,"2335 Ridge Court, Kokomo, IN 46901 US",(260) 555-0107,kevin.kimball@example.com,4/12/26,https://my.acculynx.example/contacts/9e494802-ca85-0f9a-29e4-eddc1d000fa8,https://my.acculynx.example/contacts/9e494802-ca85-0f9a-29e4-eddc1d000fa8
Tonya,Hargrove,Customer,0.00,"8977 Ravenwood Way, Greentown, IN 46936 US",5745550115,tonya.hargrove@example.com,3/13/26,https://my.acculynx.example/contacts/9d25559b-63cc-7fc5-8f0f-645216046e38,https://my.acculynx.example/contacts/9d25559b-63cc-7fc5-8f0f-645216046e38
Amy,Corwin,Customer,0.00,"6842 Briarcliff Trail, Peru, IN 46970-8734 US",7655550144,amy.corwin@example.org,1/7/26,https://my.acculynx.example/contacts/b6af0a63-322c-8cf4-c98d-c3640fcab84f,https://my.acculynx.example/contacts/b6af0a63-322c-8cf4-c98d-c3640fcab84f
Megan,Vance,Customer,0.00,"3192 Millbrook Road, Greentown, IN 46936 US",(260) 555-0151,megan.vance@example.net,3/23/26,https://my.acculynx.example/contacts/23082e70-da60-a198-05d4-78367400ed65,https://my.acculynx.example/contacts/23082e70-da60-a198-05d4-78367400ed65
Heather,Vickers,Customer,0.00,"609 Quillmont Trail, Kokomo, IN 46901 US",(765) 555-0136,heather.vickers@example.com,1/23/26,https://my.acculynx.example/contacts/47d3b23b-5ba1-5209-8ae4-86aaf8273838,https://my.acculynx.example/contacts/47d3b23b-5ba1-5209-8ae4-86aaf8273838
Ashley,Brannigan,Customer,0.00,"243 Tamarack Street, Kokomo, IN 46901 US",(260) 555-0119,ashley.brannigan@example.com,3/4/26,https://my.acculynx.example/contacts/bf5e9a5f-7df9-2a0a-f841-f892ee76a318,https://my.acculynx.example/contacts/bf5e9a5f-7df9-2a0a-f841-f892ee76a318
Robert,Dorsey,Customer,0.00,"6720 Sablewood Drive, Kokomo, IN 46902-3943 US",(574) 555-0174,robert.dorsey@example.org,3/26/26,https://my.acculynx.example/contacts/20b96aeb-2b72-878c-0f35-b208809872ea,https://my.acculynx.example/contacts/20b96aeb-2b72-878c-0f35-b208809872ea
Melissa,Yardley,Customer,0.00,"4247 Thornapple Road, Peru, IN 46970 US",(317) 555-0171,melissa.yardley@example.com,4/17/26,https://my.acculynx.example/contacts/b37e968e-285b-2402-489a-3be5001416bf,https://my.acculynx.example/contacts/b37e968e-285b-2402-489a-3be5001416bf
Steven,Fulton,Customer,0.00,"2605 Meadowlark Court, Kokomo, IN 46901 US",(574) 555-0103,na@example.com,1/17/26,https://my.acculynx.example/contacts/c5e8352b-dbbd-cf77-04d3-33a5e91c18b0,https://my.acculynx.example/contacts/c5e8352b-dbbd-cf77-04d3-33a5e91c18b0
Brandon,Upton,Customer,0.00,"6386 Cobblestone Road, Kokomo, IN 46902 US",(574) 555-0175,brandon.upton@example.net,1/26/26,https://my.acculynx.example/contacts/130f8b75-69b9-1015-458d-09186e06a7a2,https://my.acculynx.example/contacts/130f8b75-69b9-1015-458d-09186e06a7a2
Tasha,Hargrove,Customer,0.00,"7104 Wrenfield Court, Galveston, IN 46932 US",(765) 555-0107,tasha.hargrove@example.com,5/9/26,https://my.acculynx.example/contacts/95d70d4c-6000-ca54-766d-e1767bff9678,https://my.acculynx.example/contacts/95d70d4c-6000-ca54-766d-e1767bff9678
Travis,Dalton,Customer,0.00,"4285 Wrenfield Way, Tipton, IN 46072 US",(317) 555-0136,travis.dalton@example.org,1/15/26,https://my.acculynx.example/contacts/ca814c73-3c90-f33f-dde6-98c740099e0a,https://my.acculynx.example/contacts/ca814c73-3c90-f33f-dde6-98c740099e0a
Sandra,Upton,Customer,0.00,"2934 Sablewood Street, Galveston, IN 46932 US",(317) 555-0129,sandra.upton@example.net,1/24/26,https://my.acculynx.example/contacts/17af340f-fc2c-e52b-2587-218b3ce658fe,https://my.acculynx.example/contacts/17af340f-fc2c-e52b-2587-218b3ce658fe
Matthew,Ingram,Customer,0.00,"5463 Ravenwood Street, Marion, IN 46952 US",(317) 555-0158,matthew.ingram@example.net,5/6/26,https://my.acculynx.example/contacts/586bdb9a-6893-49bf-8cc4-b85954c30558,https://my.acculynx.example/contacts/586bdb9a-6893-49bf-8cc4-b85954c30558
Shelby,Granger,Customer,0.00,"4930 Copperleaf Circle, Marion, IN 46952 US",(317) 555-0190,shelby.granger@example.org,3/2/26,https://my.acculynx.example/contacts/94189700-c0d2-2308-5823-8318c8079df4,https://my.acculynx.example/contacts/94189700-c0d2-2308-5823-8318c8079df4
Michael,Vickers,Customer,0.00,"1213 Willowmere Way, Galveston, IN 46932 US",(317) 555-0199,michael.vickers@example.com,4/15/26,https://my.acculynx.example/contacts/433c43d2-1cfa-9901-5ccb-74d09fa83b21,https://my.acculynx.example/contacts/433c43d2-1cfa-9901-5ccb-74d09fa83b21
Megan,Ingram,Customer,0.00,"601 Meadowlark Court, Russiaville, IN 46979 US",2605550153,megan.ingram@example.org,5/4/26,https://my.acculynx.example/contacts/4885b11b-a978-d362-8e6c-830613b8f43b,https://my.acculynx.example/contacts/4885b11b-a978-d362-8e6c-830613b8f43b
Lisa,Orton,Customer,0.00,"329 Willowmere Road, Marion, IN 46952 US",(574) 555-0153,lisa.orton@example.org,2/4/26,https://my.acculynx.example/contacts/9288c8f2-65bc-928c-ab0f-82d5c303f2fc,https://my.acculynx.example/contacts/9288c8f2-65bc-928c-ab0f-82d5c303f2fc
Donna,Wainwright,Customer,0.00,"1608 Silverbirch Trail, Kokomo, IN 46902 US",(260) 555-0105,donna.wainwright@example.org,1/26/26,https://my.acculynx.example/contacts/9bc714f1-e7a1-9f5f-73f9-95ddfaf3d953,https://my.acculynx.example/contacts/9bc714f1-e7a1-9f5f-73f9-95ddfaf3d953
Nicholas,Delaney,Customer,0.00,"2206 Ashgrove Court, Logansport, IN 46947 US",(260) 555-0149,nicholas.delaney@example.org,4/22/26,https://my.acculynx.example/contacts/716f1dc0-504b-4d02-d976-cb975bc9840e,https://my.acculynx.example/contacts/716f1dc0-504b-4d02-d976-cb975bc9840e
Gary,Pemberton,Customer,0.00,"1541 Willowmere Way, Galveston, IN 46932 US",3175550168,gary.pemberton@example.com,3/11/26,https://my.acculynx.example/contacts/a56c8b2d-b1b7-d794-0e8d-fa9d182db138,https://my.acculynx.example/contacts/a56c8b2d-b1b7-d794-0e8d-fa9d182db138
Anthony,Halvorsen,Customer,0.00,"8420 Quillmont Trail, Kokomo, IN 46901 US",(260) 555-0145,,5/2/26,https://my.acculynx.example/contacts/5595b1e2-02f7-9f4d-5e2e-cc371f8e948c,https://my.acculynx.example/contacts/5595b1e2-02f7-9f4d-5e2e-cc371f8e948c
Ashley,Mayfield,Customer,0.00,"7106 Linden Lane, Russiaville, IN 46979 US",(317) 555-0146,ashley.mayfield@example.org,3/21/26,https://my.acculynx.example/contacts/8e0e4783-07da-8802-28bd-ee3dd3b42941,https://my.acculynx.example/contacts/8e0e4783-07da-8802-28bd-ee3dd3b42941
Melissa,Tindall,Customer,0.00,"2022 Bramblewood Court, Peru, IN 46970 US",(260) 555-0174,melissa.tindall@example.org,2/7/26,https://my.acculynx.example/contacts/4877c1a3-d753-51bd-8978-38611fcb84be,https://my.acculynx.example/contacts/4877c1a3-d753-51bd-8978-38611fcb84be
William,Holloway,Customer,0.00,"324 Stonecrest Drive, Galveston, IN 46932 US",(574) 555-0132,william.holloway@example.org,5/1/26,https://my.acculynx.example/contacts/f52122b0-a7b3-2df7-aef6-c1bc7a32eb29,https://my.acculynx.example/contacts/f52122b0-a7b3-2df7-aef6-c1bc7a32eb29
Robert,Chandler,Customer,0.00,"2768 Kestrel Trail, Logansport, IN 46947 US",(574) 555-0170,robert.chandler@example.com,2/1/26,https://my.acculynx.example/contacts/d4a3c23e-0336-5d75-3f76-6e81e5a361f8,https://my.acculynx.example/contacts/d4a3c23e-0336-5d75-3f76-6e81e5a361f8
Donna,Pemberton,Customer,0.00,"9535 Linden Lane, Kokomo, IN 46902 US",(317) 555-0111,,2/15/26,https://my.acculynx.example/contacts/f8b65bcb-1fc9-57ab-3ea6-a282cd10276c,https://my.acculynx.example/contacts/f8b65bcb-1fc9-57ab-3ea6-a282cd10276c
Tyler,Quinlan,Customer,0.00,"6740 Bellhaven Way, Kokomo, IN 46902 US",(574) 555-0197,tyler.quinlan@example.com,1/22/26,https://my.acculynx.example/contacts/ab2a5504-39b4-edb6-8bab-e29b30cad8ae,https://my.acculynx.example/contacts/ab2a5504-39b4-edb6-8bab-e29b30cad8ae
Michael,Gilmore,Customer,0.00,"1571 Tamarack Drive, Galveston, IN 46932-8202 US",3175550167,michael.gilmore@example.com,1/8/26,https://my.acculynx.example/contacts/bfa98a10-bdee-b1f1-3f6f-b05c49d9fae2,https://my.acculynx.example/contacts/bfa98a10-bdee-b1f1-3f6f-b05c49d9fae2
Brent,Brannigan,Customer,0.00,"5434 Wrenfield Road, Kokomo, IN 46901 US",(317) 555-0174,brent.brannigan@example.net,3/12/26,https://my.acculynx.example/contacts/ca61a5cd-c0cc-a855-a220-f93e9e88032f,https://my.acculynx.example/contacts/ca61a5cd-c0cc-a855-a220-f93e9e88032f
Stephanie,Ebbert,Customer,0.00,"652 Cobblestone Way, Kokomo, IN 46901 US",(765) 555-0177,stephanie.ebbert@example.org,1/30/26,https://my.acculynx.example/contacts/77591b1e-908e-4925-ec3e-8cb9af5cdaef,https://my.acculynx.example/contacts/77591b1e-908e-4925-ec3e-8cb9af5cdaef
Heather,Garrity,Customer,0.00,"4920 Larkspur Court, Tipton, IN 46072 US",(574) 555-0150,heather.garrity@example.org,3/22/26,https://my.acculynx.example/contacts/01508e38-6479-e8d3-ca1c-83b89672443d,https://my.acculynx.example/contacts/01508e38-6479-e8d3-ca1c-83b89672443d
Deborah,Barlow,Customer,0.00,"7454 Larkspur Way, Tipton, IN 46072 US",(765) 555-0155,deborah.barlow@example.org,3/27/26,https://my.acculynx.example/contacts/ba79b0e1-d4db-cad2-5f35-41ada1afaf1d,https://my.acculynx.example/contacts/ba79b0e1-d4db-cad2-5f35-41ada1afaf1d
Clint,Hadley,Customer,0.00,"8764 Ashgrove Court, Kokomo, IN 46902 US",(765) 555-0188,clint.hadley@example.com,1/6/26,https://my.acculynx.example/contacts/7ca1f71a-e4a4-1bed-dd9b-377b9bd24e25,https://my.acculynx.example/contacts/7ca1f71a-e4a4-1bed-dd9b-377b9bd24e25
Brian,Kimball,Customer,0.00,"1424 Ridge Road, Tipton, IN 46072 US",(574) 555-0156,brian.kimball@example.org,1/23/26,https://my.acculynx.example/contacts/50d67069-c615-ca8a-c43b-b55246503a38,https://my.acculynx.example/contacts/50d67069-c615-ca8a-c43b-b55246503a38
Kimberly,Stoddard,Customer,0.00,"1966 Cobblestone Trail, Kokomo, IN 46902 US",(765) 555-0116,na@example.com,5/12/26,https://my.acculynx.example/contacts/7bd4c9ca-845c-fc45-33ac-a4f1aebde4c2,https://my.acculynx.example/contacts/7bd4c9ca-845c-fc45-33ac-a4f1aebde4c2
Rebecca,Wainwright,Customer,0.00,"9735 Willowmere Street, Galveston, IN 46932 US",(317) 555-0155,rebecca.wainwright@example.org,3/4/26,https://my.acculynx.example/contacts/61f1445e-d6f5-86cd-904a-6f85c7428a9d,https://my.acculynx.example/contacts/61f1445e-d6f5-86cd-904a-6f85c7428a9d
Dale,Jessup,Customer,0.00,"3483 Tamarack Lane, Greentown, IN 46936 US",(574) 555-0122,dale.jessup@example.net,5/3/26,https://my.acculynx.example/contacts/46a48b13-b226-8284-dc45-11baffebf89d,https://my.acculynx.example/contacts/46a48b13-b226-8284-dc45-11baffebf89d
Joseph,Merrick,Customer,0.00,"6378 Juniper Road, Tipton, IN 46072 US",(317) 555-0131,joseph.merrick@example.com,1/24/26,https://my.acculynx.example/contacts/abfe329e-aa17-51bb-0517-9ccdbc308478,https://my.acculynx.example/contacts/abfe329e-aa17-51bb-0517-9ccdbc308478
Tonya,Kimball,Customer,0.00,"478 Stonecrest Circle, Kokomo, IN 46902 US",(260) 555-0147,tonya.kimball@example.org,3/7/26,https://my.acculynx.example/contacts/4603335b-03b7-4660-5d71-6838fa0b075f,https://my.acculynx.example/contacts/4603335b-03b7-4660-5d71-6838fa0b075f
Matthew,Ainsley,Customer,0.00,"3548 Linden Court, Logansport, IN 46947 US",2605550193,matthew.ainsley@example.org,2/13/26,https://my.acculynx.example/contacts/b353bfe6-225a-ffa2-0c12-5e8ec7287d4e,https://my.acculynx.example/contacts/b353bfe6-225a-ffa2-0c12-5e8ec7287d4e
William,Beckett,Customer,0.00,"4692 Kestrel Way, Marion, IN 46952-8364 US",(260) 555-0139,william.beckett@example.com,2/23/26,https://my.acculynx.example/contacts/5871baa8-57ad-1769-774c-e029b93e765c,https://my.acculynx.example/contacts/5871baa8-57ad-1769-774c-e029b93e765c
Brandon,Kinsley,Customer,0.00,"9815 Tamarack Drive, Tipton, IN 46072 US",3175550191,,1/25/26,https://my.acculynx.example/contacts/3fd85e5b-9f40-b552-eba5-04c6c3f3aa4a,https://my.acculynx.example/contacts/3fd85e5b-9f40-b552-eba5-04c6c3f3aa4a
Brian,Gilmore,Customer,0.00,"7707 Sablewood Court, Galveston, IN 46932 US",(574) 555-0125,brian.gilmore@example.net,3/19/26,https://my.acculynx.example/contacts/a3386955-387f-2283-b9a1-56ccafb2cb7a,https://my.acculynx.example/contacts/a3386955-387f-2283-b9a1-56ccafb2cb7a
Andrew,Fenwick,Customer,0.00,"2275 Silverbirch Circle, Russiaville, IN 46979 US",(317) 555-0104,andrew.fenwick@example.org,3/25/26,https://my.acculynx.example/contacts/4ca6f2bb-5206-6a7a-42e2-689a6cb6053e,https://my.acculynx.example/contacts/4ca6f2bb-5206-6a7a-42e2-689a6cb6053e
Ashley,Wainwright,Customer,0.00,"6269 Kestrel Way, Peru, IN 46970 US",(574) 555-0120,ashley.wainwright@example.com,4/19/26,https://my.acculynx.example/contacts/3223d1dc-423b-5c72-06aa-853798ffbc74,https://my.acculynx.example/contacts/3223d1dc-423b-5c72-06aa-853798ffbc74
Corey,Jessup,Customer,0.00,"8292 Wrenfield Road, Kokomo, IN 46901 US",7655550151,corey.jessup@example.net,2/23/26,https://my.acculynx.example/contacts/764b07ed-09a9-94b9-83d2-b76347c4fcbc,https://my.acculynx.example/contacts/764b07ed-09a9-94b9-83d2-b76347c4fcbc
Megan,Wainwright,Customer,0.00,"8552 Hollow Circle, Tipton, IN 46072 US",(260) 555-0175,megan.wainwright@example.com,2/25/26,https://my.acculynx.example/contacts/07c5744b-22f1-e867-4077-35ac22f13515,https://my.acculynx.example/contacts/07c5744b-22f1-e867-4077-35ac22f13515
Dustin,Fenwick,Customer,0.00,"702 Copperleaf Court, Tipton, IN 46072-8593 US",(574) 555-0183,dustin.fenwick@example.com,4/4/26,https://my.acculynx.example/contacts/2840f4a0-50ac-5571-764d-0ba54cad31b0,https://my.acculynx.example/contacts/2840f4a0-50ac-5571-764d-0ba54cad31b0
Kimberly,Corwin,Customer,0.00,"8924 Ridge Trail, Logansport, IN 46947 US",(260) 555-0184,kimberly.corwin@example.net,3/20/26,https://my.acculynx.example/contacts/9de2b25f-7737-e4b9-1bd7-19d30a37b21c,https://my.acculynx.example/contacts/9de2b25f-7737-e4b9-1bd7-19d30a37b21c
Matthew,Fenwick,Customer,0.00,"9747 Bellhaven Trail, Greentown, IN 46936-5966 US",(574) 555-0192,matthew.fenwick@example.org,1/6/26,https://my.acculynx.example/contacts/e8e9c328-7601-d577-4e2d-f2e9e514e8b2,https://my.acculynx.example/contacts/e8e9c328-7601-d577-4e2d-f2e9e514e8b2
Clint,Nolan,Customer,0.00,"7385 Harrowgate Lane, Logansport, IN 46947 US",(260) 555-0129,clint.nolan@example.net,1/18/26,https://my.acculynx.example/contacts/7a489445-b160-5c2c-351a-c9feb50498e0,https://my.acculynx.example/contacts/7a489445-b160-5c2c-351a-c9feb50498e0
Gary,Vance,Customer,0.00,"8578 Kestrel Way, Kokomo, IN 46902 US",(574) 555-0118,gary.vance@example.net,4/29/26,https://my.acculynx.example/contacts/554963f8-c542-5a3c-3dbe-7ba62b1dde15,https://my.acculynx.example/contacts/554963f8-c542-5a3c-3dbe-7ba62b1dde15
Daniel,Calloway,Customer,4366.01,"4042 Fernhollow Circle, Kokomo, IN 46902 US",(765) 555-0141,daniel.calloway@example.net,3/3/26,https://my.acculynx.example/contacts/ff715d70-1273-701a-c1f6-b685b067d002,https://my.acculynx.example/contacts/ff715d70-1273-701a-c1f6-b685b067d002
Barbara,Prewitt,Customer,0.00,"4807 Bellhaven Court, Kokomo, IN 46902 US",(260) 555-0104,barbara.prewitt@example.org,4/23/26,https://my.acculynx.example/contacts/71ad53eb-b5c4-0dbf-44a7-3eb95b755bdb,https://my.acculynx.example/contacts/71ad53eb-b5c4-0dbf-44a7-3eb95b755bdb
Lisa,Rainey,Customer,0.00,"374 Millbrook Lane, Kokomo, IN 46902 US",(317) 555-0147,lisa.rainey@example.net,4/28/26,https://my.acculynx.example/contacts/b956838e-ec7c-183e-7ede-d4edb124f7ac,https://my.acculynx.example/contacts/b956838e-ec7c-183e-7ede-d4edb124f7ac
Anthony,Yardley,Customer,0.00,"3588 Quillmont Street, Kokomo, IN 46901 US",(260) 555-0172,anthony.yardley@example.net,3/21/26,https://my.acculynx.example/contacts/9014d8a8-63b0-12f7-54c8-88db5b339ade,https://my.acculynx.example/contacts/9014d8a8-63b0-12f7-54c8-88db5b339ade
Paul,Delaney,Customer,0.00,"536 Stonecrest Way, Galveston, IN 46932 US",(317) 555-0149,paul.delaney@example.org,1/27/26,https://my.acculynx.example/contacts/c132fbf3-2eca-a5e9-185e-8cea1f66e2dd,https://my.acculynx.example/contacts/c132fbf3-2eca-a5e9-185e-8cea1f66e2dd
Clint,Calloway,Customer,0.00,"3968 Silverbirch Street, Kokomo, IN 46901 US",(574) 555-0171,clint.calloway@example.net,1/9/26,https://my.acculynx.example/contacts/c1001b22-a8ce-c2c0-04c9-cfef2505b596,https://my.acculynx.example/contacts/c1001b22-a8ce-c2c0-04c9-cfef2505b596
Laura,Calloway,Customer,0.00,"9581 Kestrel Court, Kokomo, IN 46901 US",(765) 555-0123,laura.calloway@example.com,3/25/26,https://my.acculynx.example/contacts/2a12b017-8ffe-2bec-f0ff-1b60be1ba958,https://my.acculynx.example/contacts/2a12b017-8ffe-2bec-f0ff-1b60be1ba958
Cody,Bramwell,Customer,0.00,"9156 Millbrook Trail, Greentown, IN 46936 US",(260) 555-0125,cody.bramwell@example.net,3/31/26,https://my.acculynx.example/contacts/9e314f66-6d5c-0f8d-3583-f582abf7f8bc,https://my.acculynx.example/contacts/9e314f66-6d5c-0f8d-3583-f582abf7f8bc
Jacob,Fulton,Customer,0.00,"4250 Sablewood Road, Marion, IN 46952 US",(765) 555-0125,jacob.fulton@example.net,4/19/26,https://my.acculynx.example/contacts/b5ac3920-19c1-defa-8fda-d8f54fc16520,https://my.acculynx.example/contacts/b5ac3920-19c1-defa-8fda-d8f54fc16520
Tyler,Sayer,Customer,0.00,"8587 Fernhollow Lane, Kokomo, IN 46902-2616 US",(574) 555-0149,tyler.sayer@example.com,1/15/26,https://my.acculynx.example/contacts/cae8e47a-1a6f-32b3-c870-df252caecb89,https://my.acculynx.example/contacts/cae8e47a-1a6f-32b3-c870-df252caecb89
Dustin,Calloway,Customer,0.00,"1797 Linden Way, Logansport, IN 46947 US",(317) 555-0165,dustin.calloway@example.org,2/2/26,https://my.acculynx.example/contacts/08b351c0-b024-e6f5-568e-2e8f06fa6788,https://my.acculynx.example/contacts/08b351c0-b024-e6f5-568e-2e8f06fa6788
Brandon,Granger,Customer,0.00,"2383 Stonecrest Trail, Peru, IN 46970 US",7655550102,brandon.granger@example.net,2/20/26,https://my.acculynx.example/contacts/b50c0339-dd18-9a3d-7157-929c9407afe9,https://my.acculynx.example/contacts/b50c0339-dd18-9a3d-7157-929c9407afe9
Charles,Radford,Customer,0.00,"3120 Meadowlark Court, Kokomo, IN 46902 US",(765) 555-0150,charles.radford@example.org,4/12/26,https://my.acculynx.example/contacts/9ee2e1d5-069c-494d-9cc6-550e7a8a233f,https://my.acculynx.example/contacts/9ee2e1d5-069c-494d-9cc6-550e7a8a233f
Angela,Lockhart,Customer,0.00,"1272 Bellhaven Way, Kokomo, IN 46901 US",(260) 555-0169,angela.lockhart@example.com,3/20/26,https://my.acculynx.example/contacts/14afad2d-08af-83c8-2805-388bb66acf10,https://my.acculynx.example/contacts/14afad2d-08af-83c8-2805-388bb66acf10
Steven,Garrity,Customer,0.00,"5209 Tamarack Drive, Galveston, IN 46932 US",(574) 555-0182,steven.garrity@example.com,3/17/26,https://my.acculynx.example/contacts/20f1d802-da8c-c85e-ef64-0c3c6b871a3b,https://my.acculynx.example/contacts/20f1d802-da8c-c85e-ef64-0c3c6b871a3b
Lisa,Yardley,Customer,0.00,"7145 Bramblewood Circle, Marion, IN 46952 US",2605550187,lisa.yardley@example.net,1/23/26,https://my.acculynx.example/contacts/d856e895-e666-befc-e49b-143ae0b8f26a,https://my.acculynx.example/contacts/d856e895-e666-befc-e49b-143ae0b8f26a
Kayla,Jessup,Customer,0.00,"8062 Silverbirch Court, Greentown, IN 46936 US",(317) 555-0113,kayla.jessup@example.org,3/29/26,https://my.acculynx.example/contacts/5bcdb8fa-6736-434b-4459-d1ba5c11141b,https://my.acculynx.example/contacts/5bcdb8fa-6736-434b-4459-d1ba5c11141b
William,Calloway,Customer,0.00,"6509 Tamarack Street, Galveston, IN 46932 US",(574) 555-0135,william.calloway@example.net,4/20/26,https://my.acculynx.example/contacts/1cd0f829-e164-96f8-67c7-9e491c86e2ec,https://my.acculynx.example/contacts/1cd0f829-e164-96f8-67c7-9e491c86e2ec
Daniel,Hargrove,Customer,0.00,"821 Millbrook Court, Tipton, IN 46072-6124 US",(574) 555-0179,daniel.hargrove@example.org,5/13/26,https://my.acculynx.example/contacts/297aee54-0c2f-102e-8753-15e81bcef27f,https://my.acculynx.example/contacts/297aee54-0c2f-102e-8753-15e81bcef27f
David,Rainey,Customer,0.00,"1214 Ashgrove Street, Kokomo, IN 46902 US",(317) 555-0122,david.rainey@example.net,4/25/26,https://my.acculynx.example/contacts/51d1fbb3-0300-a0f5-7a77-b7c2d7db7ebd,https://my.acculynx.example/contacts/51d1fbb3-0300-a0f5-7a77-b7c2d7db7ebd
Robert,Carver,Customer,0.00,"8121 Hollow Way, Logansport, IN 46947-9400 US",(574) 555-0166,robert.carver@example.net,3/15/26,https://my.acculynx.example/contacts/cc797b82-2f9b-9930-abb9-f4960c8c6d7f,https://my.acculynx.example/contacts/cc797b82-2f9b-9930-abb9-f4960c8c6d7f
Melissa,Garrity,Customer,0.00,"8200 Quillmont Circle, Peru, IN 46970 US",(574) 555-0131,melissa.garrity@example.net,4/15/26,https://my.acculynx.example/contacts/2998d07b-e48b-2896-9d35-1d89d968e7c5,https://my.acculynx.example/contacts/2998d07b-e48b-2896-9d35-1d89d968e7c5
Brittany,Barlow,Customer,0.00,"9691 Foxglove Lane, Marion, IN 46952-7579 US",(574) 555-0121,brittany.barlow@example.com,1/5/26,https://my.acculynx.example/contacts/e5320910-5917-ef8b-d5bc-7123ae86a979,https://my.acculynx.example/contacts/e5320910-5917-ef8b-d5bc-7123ae86a979
Michelle,Quinlan,Customer,0.00,"8400 Willowmere Drive, Logansport, IN 46947-5203 US",(260) 555-0110,michelle.quinlan@example.net,4/2/26,https://my.acculynx.example/contacts/902b810e-0fd1-57e8-29ca-8b3881403140,https://my.acculynx.example/contacts/902b810e-0fd1-57e8-29ca-8b3881403140
Carol,Merrick,Customer,0.00,"5388 Quillmont Street, Kokomo, IN 46902 US",(574) 555-0188,carol.merrick@example.org,2/25/26,https://my.acculynx.example/contacts/2eb41bc0-e925-8168-0672-58e126772c72,https://my.acculynx.example/contacts/2eb41bc0-e925-8168-0672-58e126772c72
James,Delaney,Customer,0.00,"7816 Stonecrest Road, Greentown, IN 46936 US",(260) 555-0161,james.delaney@example.com,4/4/26,https://my.acculynx.example/contacts/b2c1366a-e961-f38d-ab5b-cf9f0e5e82b4,https://my.acculynx.example/contacts/b2c1366a-e961-f38d-ab5b-cf9f0e5e82b4
Brandon,Winslow,Customer,0.00,"5123 Willowmere Lane, Peru, IN 46970 US",(260) 555-0109,brandon.winslow@example.net,4/22/26,https://my.acculynx.example/contacts/0733c579-1201-84d3-812f-c3c8bf3dd1a9,https://my.acculynx.example/contacts/0733c579-1201-84d3-812f-c3c8bf3dd1a9
Brandon,Hargrove,Customer,0.00,"8517 Wrenfield Circle, Tipton, IN 46072 US",(260) 555-0124,brandon.hargrove@example.org,5/5/26,https://my.acculynx.example/contacts/e61c5c8c-515b-bc18-fdf3-4126a6ae4781,https://my.acculynx.example/contacts/e61c5c8c-515b-bc18-fdf3-4126a6ae4781
Deborah,Merrick,Customer,5039.27,"7939 Wrenfield Lane, Peru, IN 46970 US",(574) 555-0151,deborah.merrick@example.org,2/17/26,https://my.acculynx.example/contacts/121b3953-347c-d002-8d92-1cd2f912e276,https://my.acculynx.example/contacts/121b3953-347c-d002-8d92-1cd2f912e276
Kathleen,Barlow,Customer,0.00,"8494 Cobblestone Lane, Kokomo, IN 46902 US",(574) 555-0146,kathleen.barlow@example.com,2/21/26,https://my.acculynx.example/contacts/6e36cf11-2347-5429-5b84-a22e13110508,https://my.acculynx.example/contacts/6e36cf11-2347-5429-5b84-a22e13110508
Stephanie,Keller,Customer,0.00,"4659 Thornapple Way, Marion, IN 46952 US",(317) 555-0107,stephanie.keller@example.org,1/12/26,https://my.acculynx.example/contacts/dc7d8040-7ac0-f3b0-44c8-dfc1faad76bc,https://my.acculynx.example/contacts/dc7d8040-7ac0-f3b0-44c8-dfc1faad76bc
Dale,Thackeray,Customer,0.00,"6665 Larkspur Drive, Kokomo, IN 46901 US",(260) 555-0143,,4/27/26,https://my.acculynx.example/contacts/99e94064-51cd-d3f8-e6e8-7209b436cdea,https://my.acculynx.example/contacts/99e94064-51cd-d3f8-e6e8-7209b436cdea
Richard,Colby,Customer,0.00,"1295 Meadowlark Road, Russiaville, IN 46979 US",(317) 555-0166,richard.colby@example.net,1/22/26,https://my.acculynx.example/contacts/c79595e9-bbb2-837b-b047-5dd93927a665,https://my.acculynx.example/contacts/c79595e9-bbb2-837b-b047-5dd93927a665
Kayla,Orton,Customer,0.00,"825 Ravenwood Circle, Tipton, IN 46072 US",5745550139,kayla.orton@example.org,4/16/26,https://my.acculynx.example/contacts/c1f7259d-3ed4-5eb0-e1f5-35c88867c076,https://my.acculynx.example/contacts/c1f7259d-3ed4-5eb0-e1f5-35c88867c076
Stephanie,Carver,Customer,0.00,"1872 Ashgrove Street, Galveston, IN 46932 US",(317) 555-0188,stephanie.carver@example.net,2/9/26,https://my.acculynx.example/contacts/95610969-7409-a29d-9276-69adc68e5819,https://my.acculynx.example/contacts/95610969-7409-a29d-9276-69adc68e5819
Robert,Hargrove,Customer,0.00,"6605 Heathridge Way, Galveston, IN 46932 US",(260) 555-0115,robert.hargrove@example.com,4/22/26,https://my.acculynx.example/contacts/f33e21f2-ecc3-700e-cdf8-97bcba61a023,https://my.acculynx.example/contacts/f33e21f2-ecc3-700e-cdf8-97bcba61a023
Shelby,Talbot,Customer,0.00,"4086 Fernhollow Drive, Galveston, IN 46932 US",(317) 555-0132,shelby.talbot@example.com,1/13/26,https://my.acculynx.example/contacts/740c4abf-e91f-f58a-e54f-81ef5d13455b,https://my.acculynx.example/contacts/740c4abf-e91f-f58a-e54f-81ef5d13455b
Nancy,Thackeray,Customer,0.00,"7778 Millbrook Trail, Kokomo, IN 46901 US",(317) 555-0160,nancy.thackeray@example.net,3/17/26,https://my.acculynx.example/contacts/997f0096-2778-0e04-f3c9-aacdd23c96f1,https://my.acculynx.example/contacts/997f0096-2778-0e04-f3c9-aacdd23c96f1
Melissa,Vickers,Customer,0.00,"7806 Meadowlark Court, Russiaville, IN 46979 US",(260) 555-0140,melissa.vickers@example.com,2/11/26,https://my.acculynx.example/contacts/ff119637-5e7b-7e36-c337-83df3128a87d,https://my.acculynx.example/contacts/ff119637-5e7b-7e36-c337-83df3128a87d
Lisa,Winslow,Customer,0.00,"9532 Willowmere Lane, Marion, IN 46952 US",2605550157,lisa.winslow@example.com,1/10/26,https://my.acculynx.example/contacts/de69562f-1060-724d-67ff-1b2de9013522,https://my.acculynx.example/contacts/de69562f-1060-724d-67ff-1b2de9013522
Emily,Whitcomb,Customer,0.00,"4848 Copperleaf Circle, Kokomo, IN 46902 US",(574) 555-0148,emily.whitcomb@example.net,2/12/26,https://my.acculynx.example/contacts/4ee5c921-6031-601f-bfb7-249d430b0d8a,https://my.acculynx.example/contacts/4ee5c921-6031-601f-bfb7-249d430b0d8a
Brian,Calloway,Customer,0.00,"8933 Wrenfield Circle, Kokomo, IN 46901 US",(260) 555-0189,brian.calloway@example.com,3/3/26,https://my.acculynx.example/contacts/c106271f-9f1a-60b0-adbf-aee03208c625,https://my.acculynx.example/contacts/c106271f-9f1a-60b0-adbf-aee03208c625
Donna,Gilmore,Customer,0.00,"1576 Quillmont Circle, Greentown, IN 46936 US",(317) 555-0137,donna.gilmore@example.org,4/21/26,https://my.acculynx.example/contacts/f78e4616-b702-a472-464f-bbce19c920ff,https://my.acculynx.example/contacts/f78e4616-b702-a472-464f-bbce19c920ff
Deborah,Holloway,Customer,0.00,"1706 Cobblestone Lane, Tipton, IN 46072 US",3175550162,deborah.holloway@example.com,1/11/26,https://my.acculynx.example/contacts/b555c82b-5a50-5b58-6a72-e44e1a71b9ea,https://my.acculynx.example/contacts/b555c82b-5a50-5b58-6a72-e44e1a71b9ea
Corey,Garrity,Customer,0.00,"4773 Tamarack Street, Galveston, IN 46932-5658 US",(317) 555-0186,corey.garrity@example.org,2/5/26,https://my.acculynx.example/contacts/1fc7ac4d-ae8d-ddb8-e0b1-d0ca53e35899,https://my.acculynx.example/contacts/1fc7ac4d-ae8d-ddb8-e0b1-d0ca53e35899
Linda,Ebbert,Customer,20990.76,"1912 Millbrook Way, Peru, IN 46970 US",(317) 555-0198,linda.ebbert@example.net,4/13/26,https://my.acculynx.example/contacts/97f05fca-4a3c-847e-e4a8-4de220b9eb4f,https://my.acculynx.example/contacts/97f05fca-4a3c-847e-e4a8-4de220b9eb4f
Tyler,Pemberton,Customer,0.00,"5513 Bellhaven Road, Marion, IN 46952-6893 US",(574) 555-0185,tyler.pemberton@example.net,3/16/26,https://my.acculynx.example/contacts/cd17f8cd-33e6-5a6d-d046-260d20ad221d,https://my.acculynx.example/contacts/cd17f8cd-33e6-5a6d-d046-260d20ad221d
Amanda,Oakley,Customer,0.00,,(260) 555-0111,amanda.oakley@example.org,3/19/26,https://my.acculynx.example/contacts/d098cf09-09fc-35b0-dae0-a735a2edbbcb,https://my.acculynx.example/contacts/d098cf09-09fc-35b0-dae0-a735a2edbbcb
Brittany,Gilmore,Customer,0.00,"1483 Heathridge Drive, Logansport, IN 46947 US",(765) 555-0164,brittany.gilmore@example.com,4/21/26,https://my.acculynx.example/contacts/d3f6195e-fa96-967e-6715-a13b29f043f1,https://my.acculynx.example/contacts/d3f6195e-fa96-967e-6715-a13b29f043f1
Amanda,Winslow,Customer,0.00,"3726 Briarcliff Court, Greentown, IN 46936 US",(765) 555-0122,amanda.winslow@example.net,1/19/26,https://my.acculynx.example/contacts/ed551510-b8f8-cb76-3b5f-df1f39e55d61,https://my.acculynx.example/contacts/ed551510-b8f8-cb76-3b5f-df1f39e55d61
Dale,Stoddard,Customer,0.00,"9392 Briarcliff Circle, Kokomo, IN 46902 US",(317) 555-0187,dale.stoddard@example.com,5/11/26,https://my.acculynx.example/contacts/7c2cb9a8-e30c-69d7-4b70-50ec239124c8,https://my.acculynx.example/contacts/7c2cb9a8-e30c-69d7-4b70-50ec239124c8
Richard,Dorsey,Customer,0.00,"4159 Tamarack Trail, Logansport, IN 46947 US",3175550192,richard.dorsey@example.com,2/11/26,https://my.acculynx.example/contacts/0f907dcd-2392-2423-33e1-954010aca7c7,https://my.acculynx.example/contacts/0f907dcd-2392-2423-33e1-954010aca7c7
Robert,Merrick,Customer,0.00,"6955 Ridge Road, Kokomo, IN 46902 US",(260) 555-0137,robert.merrick@example.net,3/6/26,https://my.acculynx.example/contacts/f62ecab9-f6d2-6541-b00c-ee4476ec116a,https://my.acculynx.example/contacts/f62ecab9-f6d2-6541-b00c-ee4476ec116a
James,Keller,Customer,0.00,"7691 Meadowlark Road, Russiaville, IN 46979 US",2605550144,james.keller@example.org,3/10/26,https://my.acculynx.example/contacts/68f99b1e-938e-851f-9150-3a466cdb19b8,https://my.acculynx.example/contacts/68f99b1e-938e-851f-9150-3a466cdb19b8
Sharon,Oakley,Customer,0.00,"3264 Juniper Drive, Kokomo, IN 46902 US",(317) 555-0150,sharon.oakley@example.org,3/17/26,https://my.acculynx.example/contacts/fd3633cb-51d9-dd8d-245e-4f931d88e1cd,https://my.acculynx.example/contacts/fd3633cb-51d9-dd8d-245e-4f931d88e1cd
Betty,Ainsley,Customer,0.00,"8789 Heathridge Trail, Kokomo, IN 46901 US",(574) 555-0141,betty.ainsley@example.org,3/4/26,https://my.acculynx.example/contacts/3a56c59a-c599-87f1-b101-a5cbedbdf971,https://my.acculynx.example/contacts/3a56c59a-c599-87f1-b101-a5cbedbdf971
Brittany,Jessup,Customer,0.00,"6054 Ashgrove Lane, Marion, IN 46952 US",5745550134,brittany.jessup@example.net,4/28/26,https://my.acculynx.example/contacts/bfed65d9-1eb8-b762-971d-5c5583fa3212,https://my.acculynx.example/contacts/bfed65d9-1eb8-b762-971d-5c5583fa3212
Tonya,Granger,Customer,0.00,"6672 Willowmere Circle, Kokomo, IN 46901 US",(317) 555-0105,tonya.granger@example.org,1/19/26,https://my.acculynx.example/contacts/3e38d737-e1dd-75d6-5bfb-133001bd5f0f,https://my.acculynx.example/contacts/3e38d737-e1dd-75d6-5bfb-133001bd5f0f
David,Halvorsen,Customer,0.00,"5135 Larkspur Way, Tipton, IN 46072 US",(260) 555-0197,,3/5/26,https://my.acculynx.example/contacts/36b6b9ca-9d79-6008-6f02-8176a36ae98b,https://my.acculynx.example/contacts/36b6b9ca-9d79-6008-6f02-8176a36ae98b
Karen,Selby,Customer,0.00,"3518 Willowmere Court, Russiaville, IN 46979 US",(574) 555-0104,karen.selby@example.com,3/24/26,https://my.acculynx.example/contacts/6421a36c-91a3-a4c7-f059-7580e423b77c,https://my.acculynx.example/contacts/6421a36c-91a3-a4c7-f059-7580e423b77c
Laura,Easton,Customer,0.00,"2173 Hollow Way, Kokomo, IN 46901 US",3175550156,laura.easton@example.net,2/2/26,https://my.acculynx.example/contacts/f5cd2f10-3c92-7ddc-821c-633aaed5cc88,https://my.acculynx.example/contacts/f5cd2f10-3c92-7ddc-821c-633aaed5cc88
Michael,Keller,Customer,0.00,"9722 Bramblewood Court, Galveston, IN 46932 US",(765) 555-0167,michael.keller@example.com,3/22/26,https://my.acculynx.example/contacts/72a39bea-632c-875b-e377-1f4a39617dc3,https://my.acculynx.example/contacts/72a39bea-632c-875b-e377-1f4a39617dc3
Kayla,Bramwell,Customer,0.00,"4009 Tamarack Drive, Kokomo, IN 46902 US",(765) 555-0105,kayla.bramwell@example.com,5/3/26,https://my.acculynx.example/contacts/073774bc-4e93-716f-a047-fbbaca755e79,https://my.acculynx.example/contacts/073774bc-4e93-716f-a047-fbbaca755e79
Dale,Pruett,Customer,536.92,"9581 Fernhollow Court, Greentown, IN 46936 US",(317) 555-0103,dale.pruett@example.net,1/29/26,https://my.acculynx.example/contacts/a6c37610-efb0-220d-69d1-ea708672fde7,https://my.acculynx.example/contacts/a6c37610-efb0-220d-69d1-ea708672fde7
Angela,Dalton,Customer,7282.33,"7317 Heathridge Court, Kokomo, IN 46902 US",(574) 555-0147,angela.dalton@example.com,2/8/26,https://my.acculynx.example/contacts/f6ba6a2f-6753-c4cd-c32b-8b0530188ed5,https://my.acculynx.example/contacts/f6ba6a2f-6753-c4cd-c32b-8b0530188ed5
Stephanie,Orton,Customer,0.00,"6664 Silverbirch Lane, Logansport, IN 46947 US",(317) 555-0153,na@example.com,1/8/26,https://my.acculynx.example/contacts/aef7b36e-da79-d776-4548-43dfc5003574,https://my.acculynx.example/contacts/aef7b36e-da79-d776-4548-43dfc5003574
Heather,Pruett,Customer,0.00,"6248 Kestrel Court, Tipton, IN 46072 US",(260) 555-0112,heather.pruett@example.org,4/27/26,https://my.acculynx.example/contacts/780acfa3-635e-9dec-79a3-f8fd73f96b28,https://my.acculynx.example/contacts/780acfa3-635e-9dec-79a3-f8fd73f96b28
Amanda,Chandler,Customer,0.00,"561 Wrenfield Lane, Marion, IN 46952 US",(260) 555-0199,amanda.chandler@example.com,2/2/26,https://my.acculynx.example/contacts/0df8393b-f437-0b86-0cab-1eecc8e90466,https://my.acculynx.example/contacts/0df8393b-f437-0b86-0cab-1eecc8e90466
Kayla,Stoddard,Customer,0.00,"6076 Ridge Drive, Kokomo, IN 46902 US",(260) 555-0178,kayla.stoddard@example.com,3/15/26,https://my.acculynx.example/contacts/ff0c3505-03ad-39f1-24a2-787706fd8a38,https://my.acculynx.example/contacts/ff0c3505-03ad-39f1-24a2-787706fd8a38
Barbara,Oakley,Customer,0.00,"6994 Harrowgate Trail, Russiaville, IN 46979 US",(317) 555-0176,barbara.oakley@example.net,2/8/26,https://my.acculynx.example/contacts/bd2e3527-78dd-8709-85f2-08449fd3b55e,https://my.acculynx.example/contacts/bd2e3527-78dd-8709-85f2-08449fd3b55e
Emily,Garrity,Customer,0.00,"1678 Thornapple Trail, Galveston, IN 46932 US",(317) 555-0123,emily.garrity@example.com,4/13/26,https://my.acculynx.example/contacts/53a65082-c79b-fe12-8de3-ffcc30dc0bd7,https://my.acculynx.example/contacts/53a65082-c79b-fe12-8de3-ffcc30dc0bd7
Nicholas,Chandler,Customer,0.00,"1691 Harrowgate Lane, Tipton, IN 46072 US",(574) 555-0119,nicholas.chandler@example.com,1/26/26,https://my.acculynx.example/contacts/74309804-fc9e-309f-421c-a87b07fdaa57,https://my.acculynx.example/contacts/74309804-fc9e-309f-421c-a87b07fdaa57
Karen,Hargrove,Customer,0.00,"4541 Millbrook Road, Tipton, IN 46072 US",(317) 555-0175,karen.hargrove@example.net,2/15/26,https://my.acculynx.example/contacts/5b2834a2-ccc4-bf19-549a-7ee2873554f4,https://my.acculynx.example/contacts/5b2834a2-ccc4-bf19-549a-7ee2873554f4
Brian,Colby,Customer,0.00,"6712 Stonecrest Trail, Greentown, IN 46936-6319 US",5745550111,brian.colby@example.com,3/17/26,https://my.acculynx.example/contacts/a35722f6-ad39-1313-f514-e5b4450a9a1c,https://my.acculynx.example/contacts/a35722f6-ad39-1313-f514-e5b4450a9a1c
Donna,Vance,Customer,556.30,"5021 Millbrook Street, Kokomo, IN 46901-7925 US",(317) 555-0142,donna.vance@example.org,1/23/26,https://my.acculynx.example/contacts/3a464a29-c01c-c29d-5b49-a1b44ff02287,https://my.acculynx.example/contacts/3a464a29-c01c-c29d-5b49-a1b44ff02287
Carol,Carver,Customer,0.00,"7299 Silverbirch Trail, Greentown, IN 46936 US",(574) 555-0181,carol.carver@example.org,4/25/26,https://my.acculynx.example/contacts/bdc6b598-f722-7cc3-9300-702ec712b06d,https://my.acculynx.example/contacts/bdc6b598-f722-7cc3-9300-702ec712b06d
Cynthia,Fairchild,Customer,0.00,"2901 Ravenwood Drive, Marion, IN 46952 US",(574) 555-0114,cynthia.fairchild@example.org,4/14/26,https://my.acculynx.example/contacts/a6c880da-3672-f1a5-022e-96abfb55ecf4,https://my.acculynx.example/contacts/a6c880da-3672-f1a5-022e-96abfb55ecf4
Stephanie,Thackeray,Customer,0.00,"6226 Sablewood Circle, Peru, IN 46970 US",(765) 555-0131,stephanie.thackeray@example.org,4/20/26,https://my.acculynx.example/contacts/c94532a4-c3c8-6b59-d4ff-623e28ee1a1c,https://my.acculynx.example/contacts/c94532a4-c3c8-6b59-d4ff-623e28ee1a1c
Deborah,Mayfield,Customer,0.00,"4320 Ravenwood Street, Russiaville, IN 46979 US",(317) 555-0197,deborah.mayfield@example.com,4/28/26,https://my.acculynx.example/contacts/5f199d93-fce8-16f2-cfe7-c87952dc30a4,https://my.acculynx.example/contacts/5f199d93-fce8-16f2-cfe7-c87952dc30a4
James,Abbott,Customer,0.00,"7282 Willowmere Street, Kokomo, IN 46902 US",(765) 555-0108,james.abbott@example.org,3/2/26,https://my.acculynx.example/contacts/3fb071d9-af67-0973-50b6-30fde7e57cfe,https://my.acculynx.example/contacts/3fb071d9-af67-0973-50b6-30fde7e57cfe
Michael,Granger,Customer,0.00,"5847 Heathridge Road, Galveston, IN 46932 US",3175550128,michael.granger@example.com,2/5/26,https://my.acculynx.example/contacts/e903867d-49c2-287c-7e37-c82d7caf9b55,https://my.acculynx.example/contacts/e903867d-49c2-287c-7e37-c82d7caf9b55
Joshua,Fulton,Customer,0.00,"4925 Cobblestone Circle, Marion, IN 46952 US",(574) 555-0163,joshua.fulton@example.net,2/24/26,https://my.acculynx.example/contacts/d7425c22-884d-b8ec-d5c1-aa04eca74c02,https://my.acculynx.example/contacts/d7425c22-884d-b8ec-d5c1-aa04eca74c02
Corey,Stoddard,Customer,0.00,"7080 Millbrook Road, Galveston, IN 46932 US",(260) 555-0167,corey.stoddard@example.com,4/23/26,https://my.acculynx.example/contacts/8f7d6f11-6436-43ad-5ebc-d1008af60dd7,https://my.acculynx.example/contacts/8f7d6f11-6436-43ad-5ebc-d1008af60dd7
Charles,Fulton,Customer,0.00,"6411 Kestrel Lane, Greentown, IN 46936-1357 US",(317) 555-0140,,1/28/26,https://my.acculynx.example/contacts/b8a40933-659e-1260-7be3-a9cc8be35274,https://my.acculynx.example/contacts/b8a40933-659e-1260-7be3-a9cc8be35274
David,Sheffield,Customer,0.00,"4617 Meadowlark Lane, Russiaville, IN 46979-9324 US",(317) 555-0118,david.sheffield@example.net,3/20/26,https://my.acculynx.example/contacts/9ebc6d73-d411-1891-2c4f-c123e33b47d7,https://my.acculynx.example/contacts/9ebc6d73-d411-1891-2c4f-c123e33b47d7
Melissa,Rainey,Customer,0.00,"3137 Bellhaven Drive, Galveston, IN 46932 US",3175550101,melissa.rainey@example.com,4/19/26,https://my.acculynx.example/contacts/e3cb57ea-01ae-bd83-1b9c-d784e2901555,https://my.acculynx.example/contacts/e3cb57ea-01ae-bd83-1b9c-d784e2901555
Richard,Ebbert,Customer,0.00,"1980 Fernhollow Street, Galveston, IN 46932 US",(317) 555-0125,richard.ebbert@example.net,4/17/26,https://my.acculynx.example/contacts/626e1b0d-f8a5-6c05-8721-034dc8e31c8b,https://my.acculynx.example/contacts/626e1b0d-f8a5-6c05-8721-034dc8e31c8b
Stephanie,Calloway,Customer,0.00,"3451 Briarcliff Way, Peru, IN 46970 US",(260) 555-0130,stephanie.calloway@example.com,4/29/26,https://my.acculynx.example/contacts/ffbab9c2-be28-83d9-a189-c8122b83847e,https://my.acculynx.example/contacts/ffbab9c2-be28-83d9-a189-c8122b83847e
Laura,Garrity,Customer,0.00,"4663 Copperleaf Circle, Kokomo, IN 46901 US",(260) 555-0123,,4/14/26,https://my.acculynx.example/contacts/4f5b29d9-965a-c985-17be-4186ebbbeb05,https://my.acculynx.example/contacts/4f5b29d9-965a-c985-17be-4186ebbbeb05
Robert,Kinsley,Customer,0.00,"7558 Heathridge Road, Kokomo, IN 46902 US",(765) 555-0196,robert.kinsley@example.net,1/25/26,https://my.acculynx.example/contacts/4b4e5423-abe7-7a64-33b6-795dbfa80a5f,https://my.acculynx.example/contacts/4b4e5423-abe7-7a64-33b6-795dbfa80a5f
