Invoice Number,Invoice Total,Invoice Balance Due,Invoice Date,A/R Age (Invoice Age),Invoice Status,Last Recorded Date,Primary Salesperson,A/R Owner,Approved Job Value,Balance Due,Current Milestone,Phone Number,Location Address,Invoice Created Date,Invoice Number Url
1004-1,21654.66,21654.66,3/13/26 12:00 AM,63,Unpaid,,Dale Brennan,Dale Brennan,21654.66,21654.66,Completed,(765) 555-0122,"3726 Briarcliff Court, Greentown, IN 46936 US",3/13/26 12:00 AM,https://my.acculynx.example/jobs/fad357b3-d8ae-1eae-fad8-ce52a494bc80/worksheet/invoices
1007-1,17227.63,0.00,3/8/26 12:00 AM,68,Paid,,Reid Callahan,Reid Callahan,17227.63,0.00,Invoiced,(574) 555-0144,"3782 Willowmere Trail, Greentown, IN 46936 US",3/8/26 12:00 AM,https://my.acculynx.example/jobs/4708bd1d-54ec-bf4c-3ef2-51fc834cc5d5/worksheet/invoices
1031-1,930.86,0.00,5/11/26 12:00 AM,4,Paid,,Dale Brennan,Dale Brennan,3102.87,0.00,Approved,(260) 555-0150,"9776 Sablewood Way, Kokomo, IN 46902 US",5/11/26 12:00 AM,https://my.acculynx.example/jobs/1db30365-28a8-5748-49bd-23c13e7bbbc2/worksheet/invoices
1035-1,4366.01,0.00,3/15/26 12:00 AM,61,Paid,,Dale Brennan,Dale Brennan,8732.01,0.00,Approved,(765) 555-0141,"4042 Fernhollow Circle, Kokomo, IN 46902 US",3/15/26 12:00 AM,https://my.acculynx.example/jobs/ce102593-b6bd-92ca-1a95-6f4c97c3b0b2/worksheet/invoices
1045-1,640.40,640.40,2/25/26 12:00 AM,79,Unpaid,,Reid Callahan,Reid Callahan,1280.80,640.40,Approved,(317) 555-0176,"6994 Harrowgate Trail, Russiaville, IN 46979 US",2/25/26 12:00 AM,https://my.acculynx.example/jobs/8b563e9b-03ec-41d7-2b32-3e4e32dcf226/worksheet/invoices
1061-1,8539.96,0.00,3/6/26 12:00 AM,70,Paid,,Dale Brennan,Dale Brennan,21349.89,12809.93,Invoiced,(765) 555-0161,"3895 Heathridge Street, Russiaville, IN 46979 US",3/6/26 12:00 AM,https://my.acculynx.example/jobs/5334071f-8d99-8479-e2df-10c3ae61cffa/worksheet/invoices
1061-2,12809.93,12809.93,3/13/26 12:00 AM,63,Unpaid,,Dale Brennan,Dale Brennan,21349.89,12809.93,Invoiced,(765) 555-0161,"3895 Heathridge Street, Russiaville, IN 46979 US",3/13/26 12:00 AM,https://my.acculynx.example/jobs/5334071f-8d99-8479-e2df-10c3ae61cffa/worksheet/invoices
1064-1,16374.61,0.00,6/2/26 12:00 AM,-18,Paid,,Dale Brennan,Dale Brennan,16374.61,0.00,Approved,(574) 555-0198,"7977 Thornapple Circle, Tipton, IN 46072 US",6/2/26 12:00 AM,https://my.acculynx.example/jobs/d94e11a7-3ce1-5f03-dcce-0a3613d2314b/worksheet/invoices
1080-1,8569.42,8569.42,5/4/26 12:00 AM,11,Unpaid,,Dale Brennan,Dale Brennan,17138.85,8569.42,Approved,(260) 555-0115,"6605 Heathridge Way, Galveston, IN 46932 US",5/4/26 12:00 AM,https://my.acculynx.example/jobs/c4dbf1dd-7255-c62e-b79d-a5576fd285d6/worksheet/invoices
1086-1,10495.38,0.00,5/3/26 12:00 AM,12,Paid,,Reid Callahan,Reid Callahan,20990.76,0.00,Completed,(317) 555-0198,"1912 Millbrook Way, Peru, IN 46970 US",5/3/26 12:00 AM,https://my.acculynx.example/jobs/a1bef9ae-98cb-d3a5-2b8b-86ca9ef432f4/worksheet/invoices
1086-2,10495.38,0.00,5/24/26 12:00 AM,-9,Paid,,Reid Callahan,Reid Callahan,20990.76,0.00,Completed,(317) 555-0198,"1912 Millbrook Way, Peru, IN 46970 US",5/24/26 12:00 AM,https://my.acculynx.example/jobs/a1bef9ae-98cb-d3a5-2b8b-86ca9ef432f4/worksheet/invoices
1091-1,6108.78,6108.78,4/27/26 12:00 AM,18,Unpaid,,Reid Callahan,Reid Callahan,15271.95,6108.78,Approved,(317) 555-0171,"4247 Thornapple Road, Peru, IN 46970 US",4/27/26 12:00 AM,https://my.acculynx.example/jobs/4c0ed70c-e428-5990-54d1-293668ccfbc4/worksheet/invoices
1111-1,536.92,0.00,2/24/26 12:00 AM,80,Paid,,Dale Brennan,Dale Brennan,536.92,0.00,Closed,(317) 555-0103,"9581 Fernhollow Court, Greentown, IN 46936 US",2/24/26 12:00 AM,https://my.acculynx.example/jobs/06a4e364-d50b-2fd9-39a7-472d1cc7ee6f/worksheet/invoices
1114-1,1150.54,1150.54,3/17/26 12:00 AM,59,Unpaid,,Dale Brennan,Dale Brennan,1150.54,1150.54,Completed,(574) 555-0167,"9307 Ashgrove Road, Greentown, IN 46936 US",3/17/26 12:00 AM,https://my.acculynx.example/jobs/42544fe5-1366-5a99-1c71-9855f8e4c5a1/worksheet/invoices
1118-1,7282.33,0.00,3/3/26 12:00 AM,73,Paid,,Dale Brennan,Dale Brennan,14564.66,7282.33,Invoiced,(574) 555-0147,"7317 Heathridge Court, Kokomo, IN 46902 US",3/3/26 12:00 AM,https://my.acculynx.example/jobs/bf177f3f-9196-31db-6bef-faba07acff7d/worksheet/invoices
1118-2,7282.33,7282.33,3/14/26 12:00 AM,62,Unpaid,,Dale Brennan,Dale Brennan,14564.66,7282.33,Invoiced,(574) 555-0147,"7317 Heathridge Court, Kokomo, IN 46902 US",3/14/26 12:00 AM,https://my.acculynx.example/jobs/bf177f3f-9196-31db-6bef-faba07acff7d/worksheet/invoices
1123-1,556.30,0.00,2/25/26 12:00 AM,79,Paid,,Reid Callahan,Reid Callahan,556.30,0.00,Invoiced,(317) 555-0142,"5021 Millbrook Street, Kokomo, IN 46901-7925 US",2/25/26 12:00 AM,https://my.acculynx.example/jobs/df898b64-78c0-edd0-cb89-7754fe3f3620/worksheet/invoices
1134-1,3892.62,0.00,4/22/26 12:00 AM,23,Paid,,Reid Callahan,Reid Callahan,12975.40,0.00,Closed,(317) 555-0179,"8343 Willowmere Street, Russiaville, IN 46979 US",4/22/26 12:00 AM,https://my.acculynx.example/jobs/ba01c3fd-7be3-8339-8e33-345f92d477de/worksheet/invoices
1134-2,9082.78,0.00,5/11/26 12:00 AM,4,Paid,,Reid Callahan,Reid Callahan,12975.40,0.00,Closed,(317) 555-0179,"8343 Willowmere Street, Russiaville, IN 46979 US",5/11/26 12:00 AM,https://my.acculynx.example/jobs/ba01c3fd-7be3-8339-8e33-345f92d477de/worksheet/invoices
1136-1,5039.27,0.00,3/11/26 12:00 AM,65,Paid,,Reid Callahan,Reid Callahan,10078.55,0.00,Approved,(574) 555-0151,"7939 Wrenfield Lane, Peru, IN 46970 US",3/11/26 12:00 AM,https://my.acculynx.example/jobs/1f970fc0-ddf0-5baa-86a0-b70bef72b3cd/worksheet/invoices
1137-1,3129.46,0.00,5/17/26 12:00 AM,-2,Paid,,Dale Brennan,Dale Brennan,3129.46,0.00,Invoiced,(260) 555-0195,"9473 Harrowgate Road, Kokomo, IN 46901-1920 US",5/17/26 12:00 AM,https://my.acculynx.example/jobs/e5b503cc-c9dd-d6de-3330-850e4ceaf25d/worksheet/invoices
1141-1,1287.07,1287.07,,,Draft,,Dale Brennan,Dale Brennan,4290.23,1287.07,Approved,(260) 555-0109,"5123 Willowmere Lane, Peru, IN 46970 US",5/17/26 12:00 AM,https://my.acculynx.example/jobs/9b1a0768-1e73-1241-9435-cec950dc9931/worksheet/invoices
