Current Milestone,Job Name,Contact Name,Contact Email,Phone Number,Location Address,Lead Source,Contract Total,Primary Salesperson,Lead Date,Prospect Date,Approved Date,Completed Date,Invoiced Date,Closed Date,Job Name Url
Prospect,1002: Kimberly Calloway,Kimberly Calloway,kimberly.calloway@example.net,(765) 555-0147,"4855 Copperleaf Street, Russiaville, IN 46979 US",Google LSA,0.00,Dale Brennan,3/21/26,3/26/26,,,,,https://my.acculynx.example/jobs/e80c21e8-76cf-d1e0-add4-f6373c019265
Completed,1004: Amanda Winslow,Amanda Winslow,amanda.winslow@example.net,(765) 555-0122,"3726 Briarcliff Court, Greentown, IN 46936 US",Other,21654.66,Dale Brennan,1/22/26,1/28/26,2/17/26,3/13/26,,,https://my.acculynx.example/jobs/fad357b3-d8ae-1eae-fad8-ce52a494bc80
Prospect,1006: Nicholas  Ainsley,Nicholas Ainsley,nicholas.ainsley@example.net,(317) 555-0108,"6681 Ridge Drive, Galveston, IN 46932-6647 US",Other,0.00,Dale Brennan,2/20/26,2/26/26,,,,,https://my.acculynx.example/jobs/f55c28a4-1bf3-bbec-ea64-4d06ad03dd10
Invoiced,1007: Tasha Wainwright,Tasha Wainwright,tasha.wainwright@example.com,(574) 555-0144,"3782 Willowmere Trail, Greentown, IN 46936 US",Google LSA,17227.63,Reid Callahan,1/27/26,2/1/26,2/17/26,3/8/26,3/8/26,,https://my.acculynx.example/jobs/4708bd1d-54ec-bf4c-3ef2-51fc834cc5d5
Assigned Lead,1010: Matthew Ainsley,Matthew Ainsley,matthew.ainsley@example.org,2605550193,"3548 Linden Court, Logansport, IN 46947 US",Google LSA,0.00,Dale Brennan,2/14/26,,,,,,https://my.acculynx.example/jobs/bf57e3ba-45c5-9d69-fe91-89dc58ba4bb0
Prospect,1012: Jacob Rowntree,Jacob Rowntree,jacob.rowntree@example.org,(260) 555-0103,"1058 Willowmere Lane, Kokomo, IN 46902 US",Property Manager,0.00,Dale Brennan,3/22/26,3/26/26,,,,,https://my.acculynx.example/jobs/caeaaf72-7d45-6358-2d86-fc661ad9b2bd
Prospect,1013: Jacob  Garrity,Jacob Garrity,jacob.garrity@example.net,3175550115,"383 Foxglove Way, Kokomo, IN 46902-5834 US",Google LSA,0.00,Reid Callahan,4/7/26,4/8/26,,,,,https://my.acculynx.example/jobs/23316095-3636-9ffb-c3d8-ca24911899c3
Assigned Lead,1015: Lisa Wainwright,Lisa Wainwright,lisa.wainwright@example.net,5745550112,"5534 Fernhollow Circle, Kokomo, IN 46901 US",Self Generated,0.00,Dale Brennan,4/1/26,,,,,,https://my.acculynx.example/jobs/52c3578d-b773-c36d-13a6-4228e9c62113
Assigned Lead,1017: Robert Carver,Robert Carver,robert.carver@example.net,(574) 555-0166,"8121 Hollow Way, Logansport, IN 46947-9400 US",Google LSA,0.00,Dale Brennan,3/16/26,,,,,,https://my.acculynx.example/jobs/d8c2def1-74da-1b4b-69f7-63f00c0efd43
Prospect,1019: Clint Calloway,Clint Calloway,clint.calloway@example.net,(574) 555-0171,"3968 Silverbirch Street, Kokomo, IN 46901 US",Google LSA,0.00,Reid Callahan,1/9/26,1/15/26,,,,,https://my.acculynx.example/jobs/bbaffa46-db75-fc20-36e9-c420aa38a0ed
Assigned Lead,1022: Sandra Upton,Sandra Upton,sandra.upton@example.net,(317) 555-0129,"2934 Sablewood Street, Galveston, IN 46932 US",Self Generated,0.00,Dale Brennan,1/26/26,,,,,,https://my.acculynx.example/jobs/8fd6cbd9-cac9-ac88-cf87-d9520470aa65
Prospect,1023: Daniel Hargrove,Daniel Hargrove,daniel.hargrove@example.org,(574) 555-0179,"821 Millbrook Court, Tipton, IN 46072-6124 US",Google LSA,0.00,Dale Brennan,5/13/26,5/18/26,,,,,https://my.acculynx.example/jobs/b572b09c-4c34-b293-a37d-8b65dd5bd65c
Prospect,1026: Megan Winslow,Megan Winslow,megan.winslow@example.org,(260) 555-0138,"8235 Thornapple Court, Kokomo, IN 46902 US",Other,0.00,Dale Brennan,2/17/26,2/20/26,,,,,https://my.acculynx.example/jobs/5330bef8-0620-7d08-c30e-bd2641f57a68
Prospect,1027: Tonya Granger,Tonya Granger,tonya.granger@example.org,(317) 555-0105,"6672 Willowmere Circle, Kokomo, IN 46901 US",Google LSA,0.00,Dale Brennan,1/22/26,1/23/26,,,,,https://my.acculynx.example/jobs/cf3905ca-eff4-dd1e-8400-36749deb2b0a
Assigned Lead,1030: Kayla Orton,Kayla Orton,kayla.orton@example.org,5745550139,"825 Ravenwood Circle, Tipton, IN 46072 US",Self Generated,0.00,Reid Callahan,4/19/26,,,,,,https://my.acculynx.example/jobs/1ee58944-9267-97b6-3697-5f8e260006c9
Approved,1031: Amanda  Radford,Amanda Radford,amanda.radford@example.org,(260) 555-0150,"9776 Sablewood Way, Kokomo, IN 46902 US",Google LSA,3102.87,Dale Brennan,4/29/26,5/2/26,5/11/26,,,,https://my.acculynx.example/jobs/1db30365-28a8-5748-49bd-23c13e7bbbc2
Prospect,1033: Clint  Hadley,Clint Hadley,clint.hadley@example.com,(765) 555-0188,"8764 Ashgrove Court, Kokomo, IN 46902 US",Google LSA,0.00,Dale Brennan,1/7/26,1/10/26,,,,,https://my.acculynx.example/jobs/d88a911c-76ef-d215-2bc3-bd83c7f869e8
Approved,1035: Daniel Calloway,Daniel Calloway,daniel.calloway@example.net,(765) 555-0141,"4042 Fernhollow Circle, Kokomo, IN 46902 US",Google LSA,8732.01,Dale Brennan,3/4/26,3/10/26,3/15/26,,,,https://my.acculynx.example/jobs/ce102593-b6bd-92ca-1a95-6f4c97c3b0b2
Prospect,1037: Robert Tindall,Robert Tindall,robert.tindall@example.org,(317) 555-0161,"7370 Linden Circle, Tipton, IN 46072 US",Other,0.00,Dale Brennan,2/27/26,3/2/26,,,,,https://my.acculynx.example/jobs/d1d3835c-4bba-83c5-1cae-7625d11c7669
Prospect,1040: Michelle Jessup,Michelle Jessup,michelle.jessup@example.org,(574) 555-0140,"6684 Wrenfield Drive, Kokomo, IN 46901 US",Other,0.00,Reid Callahan,3/4/26,3/10/26,,,,,https://my.acculynx.example/jobs/e5f2132c-ced6-23f8-a139-67a1a49b3394
Prospect,1042: Lisa  Yardley,Lisa Yardley,lisa.yardley@example.net,2605550187,"7145 Bramblewood Circle, Marion, IN 46952 US",Google LSA,0.00,Dale Brennan,1/26/26,2/1/26,,,,,https://my.acculynx.example/jobs/e80f62c4-e024-96d6-7b86-598e4342522e
Prospect,1044: Kayla Lockhart,Kayla Lockhart,kayla.lockhart@example.org,5745550154,"5028 Larkspur Circle, Peru, IN 46970 US",Other,0.00,Dale Brennan,3/11/26,3/16/26,,,,,https://my.acculynx.example/jobs/fa7c7651-d2ba-9806-c4c4-3f3f7141393b
Approved,1045: Barbara Oakley,Barbara Oakley,barbara.oakley@example.net,(317) 555-0176,"6994 Harrowgate Trail, Russiaville, IN 46979 US",Google LSA,1280.80,Reid Callahan,2/9/26,2/15/26,2/25/26,,,,https://my.acculynx.example/jobs/8b563e9b-03ec-41d7-2b32-3e4e32dcf226
Prospect,1047: Travis  Dalton,Travis Dalton,travis.dalton@example.org,(317) 555-0136,"4285 Wrenfield Way, Tipton, IN 46072 US",Self Generated,0.00,Reid Callahan,1/17/26,1/18/26,,,,,https://my.acculynx.example/jobs/18a81a01-c90e-4f07-d664-47ecfd47ac7b
Prospect,1049: Charles Radford,Charles Radford,charles.radford@example.org,(765) 555-0150,"3120 Meadowlark Court, Kokomo, IN 46902 US",Google LSA,0.00,Dale Brennan,4/14/26,4/20/26,,,,,https://my.acculynx.example/jobs/e57f4115-d9c2-5bd2-4901-7fe336e4430f
Prospect,1052: Angela Tindall,Angela Tindall,angela.tindall@example.net,(317) 555-0151,"288 Ravenwood Lane, Peru, IN 46970 US",Google LSA,0.00,Dale Brennan,2/28/26,3/2/26,,,,,https://my.acculynx.example/jobs/d028f6ce-fd3d-2289-a045-76477951d02b
Prospect,1053: Heather Pruett,Heather Pruett,heather.pruett@example.org,(260) 555-0112,"6248 Kestrel Court, Tipton, IN 46072 US",Google LSA,0.00,Reid Callahan,4/30/26,5/1/26,,,,,https://my.acculynx.example/jobs/d47d4fe5-a6e3-c79e-40f7-6e6b767e1c0a
Prospect,1056: Heather  Easton,Heather Easton,heather.easton@example.com,(317) 555-0124,"6007 Silverbirch Road, Kokomo, IN 46902 US",Self Generated,0.00,Reid Callahan,5/12/26,5/16/26,,,,,https://my.acculynx.example/jobs/bdfe099a-c7bb-8863-60f5-188d791f8203
Prospect,1058: Lisa Rainey,Lisa Rainey,lisa.rainey@example.net,(317) 555-0147,"374 Millbrook Lane, Kokomo, IN 46902 US",Property Manager,0.00,Reid Callahan,4/28/26,4/30/26,,,,,https://my.acculynx.example/jobs/6fe8a847-dd0b-0a92-685e-3f0c6699c568
Prospect,1060: Kevin Ziegler,Kevin Ziegler,kevin.ziegler@example.net,(317) 555-0152,"2611 Copperleaf Lane, Peru, IN 46970 US",Google LSA,0.00,Reid Callahan,2/10/26,2/13/26,,,,,https://my.acculynx.example/jobs/5371054f-f20d-e254-8072-8be690743442
Invoiced,1061: Ashley Fenwick,Ashley Fenwick,ashley.fenwick@example.com,(765) 555-0161,"3895 Heathridge Street, Russiaville, IN 46979 US",Referral,21349.89,Dale Brennan,2/14/26,2/19/26,3/6/26,3/13/26,3/13/26,,https://my.acculynx.example/jobs/5334071f-8d99-8479-e2df-10c3ae61cffa
Approved,1064: Emily Crandall,Emily Crandall,emily.crandall@example.org,(574) 555-0198,"7977 Thornapple Circle, Tipton, IN 46072 US",Self Generated,16374.61,Dale Brennan,5/8/26,5/13/26,6/2/26,,,,https://my.acculynx.example/jobs/d94e11a7-3ce1-5f03-dcce-0a3613d2314b
Assigned Lead,1066: Heather Garrity,Heather Garrity,heather.garrity@example.org,(574) 555-0150,"4920 Larkspur Court, Tipton, IN 46072 US",Word of Mouth,0.00,Dale Brennan,3/25/26,,,,,,https://my.acculynx.example/jobs/0fa0f531-f1f0-edfe-b9f5-da9d91bd9cfc
Assigned Lead,1067: Carol Carver,Carol Carver,carol.carver@example.org,(574) 555-0181,"7299 Silverbirch Trail, Greentown, IN 46936 US",Google LSA,0.00,Dale Brennan,4/27/26,,,,,,https://my.acculynx.example/jobs/7126cd31-4406-bf81-933a-5a04c2bc6488
Prospect,1069: Melissa Beckett,Melissa Beckett,melissa.beckett@example.com,(260) 555-0166,"1836 Silverbirch Road, Kokomo, IN 46902 US",Google LSA,0.00,Dale Brennan,1/15/26,1/16/26,,,,,https://my.acculynx.example/jobs/d338bacd-3814-1fa7-b34a-b1579bde30c1
Assigned Lead,1071: Sharon Oakley,Sharon Oakley,sharon.oakley@example.org,(317) 555-0150,"3264 Juniper Drive, Kokomo, IN 46902 US",Google LSA,0.00,Dale Brennan,3/20/26,,,,,,https://my.acculynx.example/jobs/61d36297-76f3-5553-862c-cb5da3cbd734
Prospect,1073: Laura Garrity,Laura Garrity,,(260) 555-0123,"4663 Copperleaf Circle, Kokomo, IN 46901 US",Self Generated,0.00,Reid Callahan,4/14/26,4/17/26,,,,,https://my.acculynx.example/jobs/e19e2bad-b691-12bf-e532-79c50efd5bbd
Prospect,1076: Anthony Yardley,Anthony Yardley,anthony.yardley@example.net,(260) 555-0172,"3588 Quillmont Street, Kokomo, IN 46901 US",Google LSA,0.00,Dale Brennan,3/21/26,3/23/26,,,,,https://my.acculynx.example/jobs/76fcac55-c3a3-c267-492c-1b8303ffc85f
Prospect,1077: Mark Jessup,Mark Jessup,mark.jessup@example.org,(574) 555-0164,"4327 Silverbirch Road, Marion, IN 46952 US",Referral,0.00,Reid Callahan,1/12/26,1/18/26,,,,,https://my.acculynx.example/jobs/30bff91a-af50-53ed-bdb3-2827d1add03c
Approved,1080: Robert Hargrove,Robert Hargrove,robert.hargrove@example.com,(260) 555-0115,"6605 Heathridge Way, Galveston, IN 46932 US",Self Generated,17138.85,Dale Brennan,4/22/26,4/28/26,5/4/26,,,,https://my.acculynx.example/jobs/c4dbf1dd-7255-c62e-b79d-a5576fd285d6
Prospect,1082: Emily Garrity,Emily Garrity,emily.garrity@example.com,(317) 555-0123,"1678 Thornapple Trail, Galveston, IN 46932 US",Other,0.00,Dale Brennan,4/15/26,4/20/26,,,,,https://my.acculynx.example/jobs/c977900f-6846-1f7d-dab8-be558b316792
Prospect,1084: Shelby Granger,Shelby Granger,shelby.granger@example.org,(317) 555-0190,"4930 Copperleaf Circle, Marion, IN 46952 US",Word of Mouth,0.00,Dale Brennan,3/3/26,3/5/26,,,,,https://my.acculynx.example/jobs/8bc01973-674f-199e-7042-f576e49f6bfc
Completed,1086: Linda Ebbert,Linda Ebbert,linda.ebbert@example.net,(317) 555-0198,"1912 Millbrook Way, Peru, IN 46970 US",Google LSA,20990.76,Reid Callahan,4/15/26,4/21/26,5/3/26,5/24/26,,,https://my.acculynx.example/jobs/a1bef9ae-98cb-d3a5-2b8b-86ca9ef432f4
Prospect,1088: Dale Jessup,Dale Jessup,dale.jessup@example.net,(574) 555-0122,"3483 Tamarack Lane, Greentown, IN 46936 US",Google LSA,0.00,Dale Brennan,5/3/26,5/5/26,,,,,https://my.acculynx.example/jobs/5be82b73-4607-4f35-efe9-1448c5365868
Prospect,1089: Robert Kinsley,Robert Kinsley,robert.kinsley@example.net,(765) 555-0196,"7558 Heathridge Road, Kokomo, IN 46902 US",Google LSA,0.00,Dale Brennan,1/28/26,2/1/26,,,,,https://my.acculynx.example/jobs/e3a49ffc-2ebc-e390-8504-84513af45634
Approved,1091: Melissa  Yardley,Melissa Yardley,melissa.yardley@example.com,(317) 555-0171,"4247 Thornapple Road, Peru, IN 46970 US",Self Generated,15271.95,Reid Callahan,4/19/26,4/22/26,4/27/26,,,,https://my.acculynx.example/jobs/4c0ed70c-e428-5990-54d1-293668ccfbc4
Prospect,1093: Ashley Wainwright,Ashley Wainwright,ashley.wainwright@example.com,(574) 555-0120,"6269 Kestrel Way, Peru, IN 46970 US",Google LSA,0.00,Dale Brennan,4/20/26,4/22/26,,,,,https://my.acculynx.example/jobs/af24eae3-abb6-0c28-59d4-c78bf31fe61c
Prospect,1096: Kimberly Jessup,Kimberly Jessup,kimberly.jessup@example.net,(260) 555-0164,"3280 Meadowlark Court, Kokomo, IN 46901 US",Self Generated,0.00,Reid Callahan,4/13/26,4/15/26,,,,,https://my.acculynx.example/jobs/b2161595-512f-a316-42f1-31ee5f42e00f
Assigned Lead,1098: Cynthia Fairchild,Cynthia Fairchild,cynthia.fairchild@example.org,(574) 555-0114,"2901 Ravenwood Drive, Marion, IN 46952 US",Referral,0.00,Dale Brennan,4/16/26,,,,,,https://my.acculynx.example/jobs/f1e9158a-eb71-90f1-9c3a-2e86bfb005dd
Prospect,1100: Ashley Mayfield,Ashley Mayfield,ashley.mayfield@example.org,(317) 555-0146,"7106 Linden Lane, Russiaville, IN 46979 US",Google LSA,0.00,Dale Brennan,3/23/26,3/28/26,,,,,https://my.acculynx.example/jobs/9e8e1698-a942-6d1e-c93e-8f5ccf368488
Prospect,1102: Mary Barlow,Mary Barlow,mary.barlow@example.net,(574) 555-0142,"5533 Larkspur Circle, Kokomo, IN 46901 US",Self Generated,0.00,Reid Callahan,3/15/26,3/17/26,,,,,https://my.acculynx.example/jobs/871e4c9c-c964-15c5-7cc7-3e3629d223c1
Assigned Lead,1104: Kayla Bramwell,Kayla Bramwell,kayla.bramwell@example.com,(765) 555-0105,"4009 Tamarack Drive, Kokomo, IN 46902 US",Google LSA,0.00,Reid Callahan,5/4/26,,,,,,https://my.acculynx.example/jobs/6dcb3eb1-b58d-8a58-b667-6be46dde9720
Assigned Lead,1105: Deborah Barlow,Deborah Barlow,deborah.barlow@example.org,(765) 555-0155,"7454 Larkspur Way, Tipton, IN 46072 US",Google LSA,0.00,Reid Callahan,3/27/26,,,,,,https://my.acculynx.example/jobs/28b20c1f-f655-7f03-4261-1703b2a89ba7
Prospect,1108: Barbara Prewitt,Barbara Prewitt,barbara.prewitt@example.org,(260) 555-0104,"4807 Bellhaven Court, Kokomo, IN 46902 US",Google LSA,0.00,Reid Callahan,4/23/26,4/25/26,,,,,https://my.acculynx.example/jobs/cd5c2bd7-4ff4-509a-ca56-9f6d4d79590f
Prospect,1110: Deborah Mayfield,Deborah Mayfield,deborah.mayfield@example.com,(317) 555-0197,"4320 Ravenwood Street, Russiaville, IN 46979 US",Google LSA,0.00,Dale Brennan,4/28/26,4/30/26,,,,,https://my.acculynx.example/jobs/f3d75533-8d81-5caa-d9b8-9f3a7b957646
Closed,1111: Dale Pruett,Dale Pruett,dale.pruett@example.net,(317) 555-0103,"9581 Fernhollow Court, Greentown, IN 46936 US",Google LSA,536.92,Dale Brennan,1/31/26,2/5/26,2/9/26,2/24/26,2/24/26,3/18/26,https://my.acculynx.example/jobs/06a4e364-d50b-2fd9-39a7-472d1cc7ee6f
Completed,1114: Ryan Prewitt,Ryan Prewitt,ryan.prewitt@example.org,(574) 555-0167,"9307 Ashgrove Road, Greentown, IN 46936 US",Google LSA,1150.54,Dale Brennan,2/21/26,2/22/26,2/27/26,3/17/26,,,https://my.acculynx.example/jobs/42544fe5-1366-5a99-1c71-9855f8e4c5a1
Prospect,1115: James  Merrick,James Merrick,james.merrick@example.com,(260) 555-0142,"8025 Meadowlark Drive, Russiaville, IN 46979 US",Google LSA,0.00,Dale Brennan,4/14/26,4/15/26,,,,,https://my.acculynx.example/jobs/87081a1c-e6eb-97c7-549f-1c6cdf9741e8
Invoiced,1118: Angela  Dalton,Angela Dalton,angela.dalton@example.com,(574) 555-0147,"7317 Heathridge Court, Kokomo, IN 46902 US",Self Generated,14564.66,Dale Brennan,2/9/26,2/11/26,3/3/26,3/14/26,3/14/26,,https://my.acculynx.example/jobs/bf177f3f-9196-31db-6bef-faba07acff7d
Prospect,1119: Richard Dorsey,Richard Dorsey,richard.dorsey@example.com,3175550192,"4159 Tamarack Trail, Logansport, IN 46947 US",Google LSA,0.00,Reid Callahan,2/14/26,2/17/26,,,,,https://my.acculynx.example/jobs/bd2bc3e4-cb51-ec6a-854d-99d52be39470
Prospect,1121: Richard  Colby,Richard Colby,richard.colby@example.net,(317) 555-0166,"1295 Meadowlark Road, Russiaville, IN 46979 US",Google LSA,0.00,Dale Brennan,1/22/26,1/28/26,,,,,https://my.acculynx.example/jobs/be5285be-bf9c-8378-b10b-f8ef36e0133f
Invoiced,1123: Donna Vance,Donna Vance,donna.vance@example.org,(317) 555-0142,"5021 Millbrook Street, Kokomo, IN 46901-7925 US",Google LSA,556.30,Reid Callahan,1/23/26,1/26/26,2/2/26,2/25/26,2/25/26,,https://my.acculynx.example/jobs/df898b64-78c0-edd0-cb89-7754fe3f3620
Assigned Lead,1126: Corey Lockhart,Corey Lockhart,corey.lockhart@example.com,(260) 555-0141,"8629 Millbrook Way, Kokomo, IN 46901-8480 US",Referral,0.00,Dale Brennan,2/3/26,,,,,,https://my.acculynx.example/jobs/c92f7171-c16e-c9d8-1122-a122d46b586c
Prospect,1128: Joshua  Fulton,Joshua Fulton,joshua.fulton@example.net,(574) 555-0163,"4925 Cobblestone Circle, Marion, IN 46952 US",Google LSA,0.00,Reid Callahan,2/27/26,3/4/26,,,,,https://my.acculynx.example/jobs/be82c75c-af53-faeb-1bb2-43962b3105b5
Prospect,1130: Emily Whitcomb,Emily Whitcomb,emily.whitcomb@example.net,(574) 555-0148,"4848 Copperleaf Circle, Kokomo, IN 46902 US",Self Generated,0.00,Dale Brennan,2/15/26,2/20/26,,,,,https://my.acculynx.example/jobs/53a48309-33b0-f710-453c-6ce511f39fa0
Assigned Lead,1132: Jacob Keller,Jacob Keller,jacob.keller@example.com,(574) 555-0172,"1794 Ashgrove Street, Kokomo, IN 46901 US",Other,0.00,Dale Brennan,4/27/26,,,,,,https://my.acculynx.example/jobs/52d89f8e-9948-78ae-6e7a-9c48ccc57c77
Closed,1134: Joshua Ingram,Joshua Ingram,joshua.ingram@example.net,(317) 555-0179,"8343 Willowmere Street, Russiaville, IN 46979 US",Google LSA,12975.40,Reid Callahan,4/4/26,4/8/26,4/22/26,5/11/26,5/11/26,5/30/26,https://my.acculynx.example/jobs/ba01c3fd-7be3-8339-8e33-345f92d477de
Approved,1136: Deborah  Merrick,Deborah Merrick,deborah.merrick@example.org,(574) 555-0151,"7939 Wrenfield Lane, Peru, IN 46970 US",Google LSA,10078.55,Reid Callahan,2/20/26,2/21/26,3/11/26,,,,https://my.acculynx.example/jobs/1f970fc0-ddf0-5baa-86a0-b70bef72b3cd
Invoiced,1137: Nancy Abbott,Nancy Abbott,nancy.abbott@example.net,(260) 555-0195,"9473 Harrowgate Road, Kokomo, IN 46901-1920 US",Self Generated,3129.46,Dale Brennan,4/8/26,4/10/26,4/28/26,5/17/26,5/17/26,,https://my.acculynx.example/jobs/e5b503cc-c9dd-d6de-3330-850e4ceaf25d
Assigned Lead,1139: Brent  Brannigan,Brent Brannigan,brent.brannigan@example.net,(317) 555-0174,"5434 Wrenfield Road, Kokomo, IN 46901 US",Google LSA,0.00,Reid Callahan,3/13/26,,,,,,https://my.acculynx.example/jobs/2779cc2c-dcc8-c96f-207a-3b6042614822
Approved,1141: Brandon Winslow,Brandon Winslow,brandon.winslow@example.net,(260) 555-0109,"5123 Willowmere Lane, Peru, IN 46970 US",Referral,4290.23,Dale Brennan,4/23/26,4/29/26,5/17/26,,,,https://my.acculynx.example/jobs/9b1a0768-1e73-1241-9435-cec950dc9931
Prospect,1143: Joseph Tindall,Joseph Tindall,joseph.tindall@example.com,(317) 555-0163,"7311 Hollow Road, Logansport, IN 46947 US",Self Generated,0.00,Dale Brennan,3/3/26,3/7/26,,,,,https://my.acculynx.example/jobs/97341241-ecbe-36ac-827b-4fdcd544d483
