item_number,description,unit_price,uom,category,ocr_flag
LXA441B0E7,"Alum Drip Cap7/6""AlegWhite",40.30,PC,Drip Edge,
LX2F052D6B,Alum Drip Cap?” AlegAlmond,8.99,PC,Drip Edge,
LX759ECED1,Alum Drip Capt AlegBlack,8.34,PC,Drip Edge,
LX72E9FDB9,Alum Drip Cap?” AlegBronze,10.90,PC,Drip Edge,
LX5A176AEC,Alum Drip CapT™ AlegLinen,11.00,PC,Drip Edge,
LX8375EEF0,Alum Drip Capt” AlegRoyalsim,10.67,PC,Drip Edge,
LX06086F38,Alum Drip Capt” AlegvictGrey,9.28,PC,Drip Edge,
LXE1D8DB10,Alum Drip Capi” AlegWhite,8.55,PC,Drip Edge,
LXA6F91A89,Alum Drip Capi” AlegWicker,35.40,PC,Drip Edge,
LX52A66838,"Alum Drip Capt-1/8""AlegBlack",33.24,PC,Drip Edge,
LX2B2DBDA2,"Alum Drip Capi-1/8""AlegClay",9.56,PC,Drip Edge,
LXD2775454,"ALUM _DRIP_ CAPT-T/S""ALEGSIERRA",8.93,PC,Drip Edge,
LX2CC9A8BD,Alum Drip Cap 1-1/6*AlegWhite,9.53,PC,Drip Edge,
LXF89EB8E3,"Alum Drip Cap 1-17""AlegWhite",38.39,PC,Drip Edge,
LX5E71D395,"Alum Drip Cap 1-1/2""AlegWhite",10.53,PC,Drip Edge,
LXE00EB171,Alum Drip Cap 2” AlegBlack,7.56,PC,Drip Edge,
LX10A95B86,Alum Drip Cap 2” AlegWhite,10.27,PC,Drip Edge,
LXB0775ED1,Alum 024 FasciaEmboss6'White,25.09,PC,Fascia,
LXCE4E9334,Alum Fascia Rib10'RoyalBrown,32.82,PC,Fascia,
LXE956DDC5,Alum Fascia Rib10'White,29.32,PC,Fascia,
LX0D5288F0,Alum Fascia Rib6NDXGrantie,24.88,PC,Fascia,
LXC411A198,"Alum Fascia Rib6""Bronze",21.15,PC,Fascia,
LXF244026D,"Alum Fascia Ribe""Cameo",21.49,PC,Fascia,
LXF46DD545,Alum Fascia Rib6'ClassicCream,23.71,PC,Fascia,
LX27844E8C,"Alum Fascia Rib6""CharcoalGrey",25.00,PC,Fascia,
LX2882DB3D,"Alum Fascia Rib6""Champagne",18.39,PC,Fascia,
LX16D47A5B,Alum Fascia RibS'Clay,19.36,PC,Fascia,
LXB299333F,Alum Fascia RIb6'SierraClayD47,20.51,PC,Fascia,
LX02393E2A,"Alum Fascia Rib6""NXTanD4e",18.39,PC,Fascia,
LX28A2F75D,"Alum Fascia Rib6""AlmondD49__",20.40,PC,Fascia,
LXB3DF90B9,"Alum Fascia RibG""DeseriSand",18.07,PC,Fascia,
LX459DD9A4,Alum Fascia Ribs’Evergreen,20.77,PC,Fascia,
LX31D0ABD0,Alum Fascia Ribs'Everest,19.82,PC,Fascia,
LXCFA9B13F,"um Fascia Rib6""HarborGrey",24.93,PC,Fascia,
LX1BD593F9,Sealant Voo Quad #807 Blue Sealant,7.93,,Sealants,
LXDF8A42CC,Voc Quad #758 Green Seaiant,66.99,,Sealants,
LXE174BA16,Voc Quad #727 Green Sealant,9.27,,Sealants,
LX707F2FCB,Voc Quad #711 Green Sealant,7.93,,Sealants,
LX0E883418,Voc Quad #535 Gray Sealant,9.14,,Sealants,
LXB9508D0C,Voc Quad #551 Gray Sealant,7.89,,Sealants,
LXA46C7F7F,Voo Quad #625 Yellow 100Z Sealant ',9.65,,Sealants,
LXBF0A8108,Sealant Voc Quad #705 Green ',8.21,,Sealants,
LX22103BA9,Sealant Voc Quad #529 Gray,10.22,,Sealants,
LX8FB37859,Sealant Voc Quad #517 Gray,9.20,,Sealants,
LX9050FBBB,Sealant Voo Quad #521 Gray ',10.97,,Sealants,
LX6A64B952,Sealant Voc Quad #522 Gray ',10.10,,Sealants,
LX798197D3,Sealant Voc Quad #525 Gray ',8.82,,Sealants,
LX0E9A6119,Sealant Voc Quad #528 Gray,8.69,,Sealants,
LXE21E234B,Sealant Voc Quad #511 Gray ',7.93,,Sealants,
LX8EBD7CC8,Sealant Voc Quad #512 Gray,10.69,,Sealants,
LXF4D52EDE,Sealant Voc Quad #496 Beige,9.50,,Sealants,
LXE856EAE4,Sealant Voc Quad #473 Beige,7.66,,Sealants,
LX1E1F673B,Sealant Voc Quad #497 Beige,9.54,,Sealants,
LX25AF25C8,Sealant Voc Quad #466 Beige,10.74,,Sealants,
LXE5AE2295,Sealant Voc Quad #465 Beige,7.83,,Sealants,
LX372D469F,Sealant Voc Quad #456 Beige ',8.01,,Sealants,
LXC01BE599,Sealant Voc Quad #455 Beige,7.65,,Sealants,
LX14DB0F4C,Sealant Voc Quad #451 Beige ',9.96,,Sealants,
LX2600AAC5,Sealant Voc Quad #449 Beige,33.98,,Sealants,
LX4D68E418,Sealant Voc Quad #445 Beige,9.82,,Sealants,
LX44EA4B6B,Sealant Voc Quad #441 Beige,8.37,,Sealants,
LX7DB42713,Sealant Voc Quad #440 Belge,9.45,,Sealants,
LX2034005F,Sealant Voc Quad #427 Beige,7.99,,Sealants,
LXA659CD79,Sealant Voc Quad #425 Beige,10.19,,Sealants,
LX99D8A34A,Sealant Voc Quad #429 Beige,7.61,,Sealants,
LX7E9D1996,Sealant Voc Quad #435 Beige,10.04,,Sealants,
LX61879C0B,Sealant Voc Quad #433 Beige,9.55,,Sealants,
LX9823B3D5,OS! Quad #413 10oz Sealant,9.41,,Sealants,
LX9C9C72B5,Voc Quad #409 Beige,8.49,,Sealants,
LX7D4E53D1,Sealant Voc Quad #318 Clay,9.15,,Sealants,
LX30C60DFE,Sealant Voc Quad #406 Beige,8.92,,Sealants,
LX4773EF8F,Sealant Voc Quad #321 Clay,8.37,,Sealants,
LX769F26DB,Sealant Voc Quad #324 Clay,8.11,,Sealants,
LXAC6C1240,Sealant Voc Quad #403 Beige,7.83,,Sealants,
LX43D83C30,Sealant Voc Quad #405 Beige,6.71,,Sealants,
LXD41109D2,Sealant Voc Quad #267 Brown,7.65,,Sealants,
LX37095682,Sealant Voc Quad #301 Clay ‘,34.60,,Sealants,
LXCCA4B87F,Sealant Voc Quad #307 Clay ',10.59,,Sealants,
LXF2FE9A66,Sealant Voc Quad #320 Clay ',7.28,,Sealants,
LXA156721C,Sealant Voc Quad #322 Clay ',9.19,,Sealants,
LXED2CFB53,Sealant Voc Quad #333 Clay ',10.27,,Sealants,
LX5FF89DB0,Sealant Voc Quad #835 Clay,7.86,,Sealants,
LXE14FE98A,Sealant Voc Quad #253 Brown,9.52,,Sealants,
LX0F392C37,Sealant Voc Quad #219 Bronze ',10.86,,Sealants,
LX0497C163,Sealant Voc Quad #211 Brown ',8.99,,Sealants,
LX63ECD613,Sealant Voc Quad #205 Brown,7.27,,Sealants,
LX23FCE6ED,Sealant Voc Quad #201 Bronze 100Z,9.51,,Sealants,
LXE4482CD7,Sealant Voc Quad #004 Gry/Wht 1002,8.05,,Sealants,
LXBDB242F7,Sealant Voc Quad #003 Black,9.96,,Sealants,
LX29501EEB,Sealant Voc Quad #209 Brown,7.67,,Sealants,
LXD5B74FA2,Sealant Voc Quad #766 Green,8.27,,Sealants,
LX6D1B453D,Sealant Voc Quad #214 Brown,9.60,,Sealants,
LXB5EB881B,Sealant Voc Quad #955 Red,10.66,,Sealants,
LX4CB536DF,Sealant Voc Quad #492 Beige,7.85,,Sealants,
LX8B37CD56,Sealant Voc Quad #545 Gray,9.70,,Sealants,
LXD5B74FA2,Sealant Voc Quad #606 Yellow 1002,8.27,,Sealants,
LXE15C1ADD,Sealant Voc Quad #691 Gray,8.06,,Sealants,
LX3C7A7B89,Sealant Voc Quad #689 Blue,9.71,,Sealants,
LX5258C30C,Sealant Voc Quad #962 Red,7.71,,Sealants,
LX26DCADEB,Sealant Voc Quad #770 Green,10.00,,Sealants,
LXCAB3C11F,Sealant Voc Quad #281 Brown,8.92,,Sealants,
LX97A532ED,Sealant Voc Quad #338 Clay,10.38,,Sealants,
LXDA72AB53,Sealant Voc Quad #587 Gray,10.93,,Sealants,
LXCE6CFF42,Sealant Voc Quad #589 Gray,7.56,,Sealants,
LX52BA1009,Sealant Voc Quad #767 Green ',8.54,,Sealants,
LX09D1A55F,Sealant Voc Quad #541 Gray,7.30,,Sealants,
LXECA578A5,Sealant Voc Quad #796 Green,8.61,,Sealants,
LX727B946F,Sealant Voc Quad #810 Blue,8.90,,Sealants,
LX831FD9E7,Sealant Voc Quad #936 Red,10.24,,Sealants,
LX51526A1F,Sealant Voc Quad #947 Red,7.16,,Sealants,
LX3FBB8352,Sealant Voc Quad #945 Red ',10.09,,Sealants,
LX00A17A0A,Sealant Voc Quad #909 Red,7.74,,Sealants,
LX27993EA1,Sealant Voc Quad #518 Gray ',8.97,,Sealants,
LX0F72AC8D,Sealant Voc Quad #756 Green,7.18,,Sealants,
LX7AD28B68,Sealant Voc Quad #836 Blue,42.65,,Sealants,
LX3F67A0EE,Sealant Voc Quad #309 Clay,8.72,,Sealants,
LX0436A152,Sealant Voc Quad #294 Brown,40.29,,Sealants,
LX35DEBB6A,Sealant Voc Quad #495 Beige,10.93,,Sealants,
LX29C5F95D,Sealant Voc Quad #245 Brown ',9.76,,Sealants,
LXF401C37B,Sealant Voc Quad #517 Gray,7.43,,Sealants,
LX02E8F778,Sealant Voc Quad #411 Beige,8.28,,Sealants,
LX37FAB720,Sealant Voc Quad #519 Gray,9.74,,Sealants,
LX12293A3F,Sealant Voc Quad #588 Gray,8.68,,Sealants,
LX8C1BCF28,Sealant Voc Quad #602 Yellow 1002,8.63,,Sealants,
LXA68079B5,Sealant Voc Quad #595 Gray,8.11,,Sealants,
LXEE604C3D,Sealant Voc Quad #223 Brown,8.59,,Sealants,
LX18FA3B86,Sealant Voc Quad #537 Gray,8.18,,Sealants,
LXB0B616CD,Sealant Voc Quad #480 Beige,10.48,,Sealants,
LX2B54418A,Sealant Voc Quad #221 Brown,32.96,,Sealants,
LXD64D99A3,Sealant Voc Quad #839 Blue,10.45,,Sealants,
LX36FA6536,Sealant Voc Quad #763 Green,33.47,,Sealants,
LX79C3FD0A,Sealant Voc Quad #265 Brown,8.00,,Sealants,
LX59AFDABA,Sealant Voc Quad #565 Gray ',10.04,,Sealants,
LXC1DA9ACD,Sealant Voc Quad #765 Green,33.71,,Sealants,
LX7F24FFAD,Sealant Voc Quad #761 Green ',10.02,,Sealants,
LXD4F94995,Sealant Voc Quad #423 Beige,7.54,,Sealants,
LXF01D5457,Sealant Voc Quad #951 Red,8.25,,Sealants,
LX43602157,Sealant Voc Quad #421 Beige ',9.29,,Sealants,
LXF594363C,Sealant Voc Quad #308 Clay ',9.01,,Sealants,
LX1C7F72A3,Sealant Voc Quad #327 Clay,7.41,,Sealants,
LX95CB0984,Sealant Voc Quad #513 Gray ',10.88,,Sealants,
LX6BA5862D,Sealant Voc Quad #804 Blue,7.35,,Sealants,
LXB8CC2B15,Sealant Voc Quad #412 Beige ',9.05,,Sealants,
LX431104DC,Sealant Voc Quad #443 Beige ',8.01,,Sealants,
LXC740EC40,Sealant Voc Quad #450 Beige ',10.95,,Sealants,
LX66541060,Sealant Voc Quad #486 Beige ',8.79,,Sealants,
LX0027BCFF,Sealant Voc Quad #501 Gray,42.50,,Sealants,
LX51CE8F68,Sealant Voc Quad #502 Gray ',10.43,,Sealants,
LX0FD87F1D,Sealant Voc Quad #505 Gray ',8.08,,Sealants,
LXD1173BEA,Sealant Voc Quad #611 Yellow 100Z ',10.42,,Sealants,
LX181AF1E9,Sealant Voc Quad #702 Green ',10.76,,Sealants,
LX4A8ABDD9,Sealant Voc Quad #918 Red ',7.89,,Sealants,
LXD663B40F,Sealant Voc Quad #218 Brown,7.87,,Sealants,
LX39A02E1A,Sealant Voc Quad #329 Clay,9.65,,Sealants,
LXB598CEBD,Sealant Voc Quad #811 Blue,8.53,,Sealants,
LXBFF4993A,Sealant Voc Quad #315 Clay,8.46,,Sealants,
LX1FE7A356,Sealant Voc Quad #406 Beige,9.45,,Sealants,
LX524F5ABE,Sealant Voc Quad #205 Brown ‘,45.78,,Sealants,
LX1511422C,Sealant Voc Quad #301 Clay ',7.83,,Sealants,
LX225A23DF,Hardiewrap 9X10 WeatherBarrier,210.95,RL,House Wrap,
LXA11D424F,Osi Quad Max 9.50z #529Gray,44.08,,Sealants,
LX19B00F23,Osi Quad Max 8.50z #321Clay,44.99,,Sealants,
LX31DE0FEC,Osi Quad Max 9.50z #521Gray ',6.62,,Sealants,
LX3FB90C3A,Osi Quad Max 9.50z #514Gray ',8.87,,Sealants,
LXDD1DA1DE,Osi Quad Max 9.50Z #512Gray ',9.43,,Sealants,
LXFE64F5C0,Osi Quad Max 9.50Z #509Gray ',10.85,,Sealants,
LXAC135690,Osi Quad Max 9.50z #505Gray,10.69,,Sealants,
LX035C2838,OSI Quad Max #465 Beiged 50z,7.86,,Sealants,
LXF0EF3F04,Osi Quad Max 9.5 OZ #456KhakiBrown,7.81,,Sealants,
LX3B49CB88,Osi Quad Max 9.50Z #451Beige,44.82,,Sealants,
LXB2093570,Osi Quad Max 9.502 #449Beige,7.44,,Sealants,
LXB9FFC2E9,Osi Quad Max 9.50z #447Beige,9.34,,Sealants,
LX754AA005,Osi Quad Max 9.50Z #445Beige,8.95,,Sealants,
LXC567CE69,Osi Quad Max 9.502 #429Beige,33.72,,Sealants,
LXD2B2E7D5,Osi Quad Max 9.50Z #425Beige,10.98,,Sealants,
LX461BC713,Osi Quad Max 9.50Z #409Beige,10.63,,Sealants,
LX509A45DF,OSI Quad Max #403 Beige9.50z ',10.49,,Sealants,
LXCFEDDE5A,Osi Quad Max 9.502 #338Clay,7.03,,Sealants,
LXDDE3DB67,OSI Quad Max #335 Clay9.50z,9.24,,Sealants,
LX300EDE65,Osi Quad Max 9.50Z #321Clay,9.75,,Sealants,
LX82564AC2,Osi Quad Max 9.50z #320Clay ',9.04,,Sealants,
LX0EE28E59,Osi Quad Max 9.502 #315Ciay ',9.90,,Sealants,
LX8760B880,Osi Quad Max 9.502 #308Clay,9.05,,Sealants,
LXCFDA889A,Osi Quad Max 9.50Z #301Clay ',8.05,,Sealants,
LXAA5D5725,Osi Quad Max 9.502 #284Brown ',9.96,,Sealants,
LXC17AA344,Osi Quad Max 9.50Z #281Brown ',10.59,,Sealants,
LXCEB00B33,Osi Quad Max 9.50Z #277Brown,8.24,,Sealants,
LXE44DA2C1,Osi Quad Max 9.502 #267Brown,9.12,,Sealants,
LXB87683B0,Osi Quad Max 9.50Z #260Brown,10.79,,Sealants,
LX156E9839,OSI Quad Max #253 TimberBark9.50z,7.24,,Accessories - Other,
LX4B1ED947,Osi Quad Max 9.502 #223Brown,8.26,,Sealants,
LX4DD6F788,Osi Quad Max 9.502 #219Brown,8.00,,Sealants,
LX289BB394,Osi Quad Max 9.502 #209Brown ',9.99,,Sealants,
LX33DCAAF6,Osi Quad Max 9.50Z #205Brown ',9.15,,Sealants,
LXD3D2F03E,Osi Quad Max 9.50Z #203Brown,8.07,,Sealants,
LX70E04123,Osi Quad Max 9.50Z #201Bronze,9.81,,Sealants,
LXC74DA81B,OSI Quad Max #003 Black9.50z,10.08,,Sealants,
LXCC3DB199,Osi Quad Max 9.50Z #001White ',8.96,,Sealants,
LX086B754C,Osi Quad Max 9.502 #486Beige,6.97,,Sealants,
LX4199EB3A,Osi Quad Max 9.502 #519Gray,45.97,,Sealants,
LX171E915C,AX Elec Block 156 EblockNatSlate,42.34,PC,Accessories - Other,
LXF96D546D,AX Elec Block #18 EbiockSage,7.60,PC,Accessories - Other,
LX6FF9C8F8,AX Elec Block #iF EbiockMSuede,6.45,PC,Accessories - Other,
LX734EA1EE,AX J-Block #02 Block,6.35,PC,Accessories - Other,
LXF860F209,AX J-Block 090 Block,6.26,PC,Accessories - Other,
LX22A7A7F0,AX J-Block 100 BlockRuggedCanyon,6.88,PC,Accessories - Other,
LX40E71DA9,AX J-Block 145 Block,73.04,PC,Accessories - Other,
LX59072899,AX J-Block #17 BlockEverest,9.11,PC,Accessories - Other,
LX5AE8C1D6,AX J-Block 170 BlockQuietWillow,45.12,PC,Accessories - Other,
LX1103E7B1,AX J-Block 251 BlockAutumnHarvest,45.96,PC,Accessories - Other,
LX2AB9FE98,AX J-Block 290 Block,8.32,PC,Accessories - Other,
LX83D29618,AX J-Block #31 Block,8.72,PC,Accessories - Other,
LXD2AC74B3,AX J-Block 510 BlockScottThistle,6.38,PC,Accessories - Other,
LXCCEB0D32,AX J-Block 511 BlockTuscanOiive,30.85,PC,Accessories - Other,
LXDD4C2461,AX J-Block #53 Block,8.32,PC,Accessories - Other,
LX4CA66783,AX J-Block #8F Block,94.35,PC,Accessories - Other,
LX177F29C5,AX J-Block #30 BlockClassicCream,8.83,PC,Accessories - Other,
LX0BBD32E5,AX J-Block #10 BlockColYellow,9.58,PC,Accessories - Other,
LXCFBCC80B,AX J-Block #22 BlockDesertSand ',7.11,PC,Accessories - Other,
LX679D8E88,AX J-Block #GI Block,8.80,PC,Accessories - Other,
LX2D06ECB5,AX J-Block #35 BlockHarborGrey,7.73,PC,Accessories - Other,
LX1D338AC7,AX J-Block #IF Block,44.17,PC,Accessories - Other,
LXF4FD4C26,AX J-Blook #44 BiockLinen,6.54,PC,Accessories - Other,
LX2AA9ABD2,AX J-Block #52 BlockPebbleClay,35.09,PC,Accessories - Other,
LX85B3BE3A,AX J-Block #PP BlocklslandPeat!,8.88,PC,Accessories - Other,
LX3FF13256,AX J-Block #RO Block,6.22,PC,Accessories - Other,
LX0BF72654,AX J-Block #18 BlockSage,8.98,PC,Accessories - Other,
LX23C80069,AX J-Block #39 BlockSandtone,6.34,PC,Accessories - Other,
LX70585F67,AX J-Block #36 BlockVictGrey,8.25,PC,Accessories - Other,
LX6855A041,AX J-Block #04 BlockWhite,6.50,PC,Accessories - Other,
LXA888CA02,AX J-Block #A7 BlockWicker,9.49,PC,Accessories - Other,
LX2186A01A,AX Lrg J-Block 100 FmblockRCanyon,22.92,PC,Accessories - Other,
LXB91830E3,AX Lig J-Biock 144 Fmblock,486.66,PC,Accessories - Other,REVIEW - price may have OCR error
LX3EAE7F67,AX Lrg J-Block #17 FmblockEverest,43.35,PC,Accessories - Other,
LXD0D59F02,AX Lig J-Block 170 FmblockQWillow,20.35,PC,Accessories - Other,
LX7379F415,AX Lig J-Block 251 FmblockAUHrvst,20.48,PC,Accessories - Other,
LX8AB01C24,AX Lig J-Block 390 FmblockEWedgwa,22.97,PC,Accessories - Other,
LX0265186A,AX Lig J-Block §10 FmblockSThist!,14.91,PC,Accessories - Other,
LXAEACCCD3,AX Lig J-Block 511 FmblockTOlive,17.39,PC,Accessories - Other,
LX55DC1C5D,AX Lrg J-Block #22 FmblockDesSand,17.17,PC,Accessories - Other,
LX54476C9A,AX Lrg J-Block #35 FmblockHrbGrey,21.59,PC,Accessories - Other,
LX25BC5AE1,AX Lrg J-Block #52 FmblockPebClay,18.66,PC,Accessories - Other,
LX1346CD0B,AX Lrg J-Block #£7 FmblockTimbrstn,18.28,PC,Accessories - Other,
LXDFD1572F,AX Lrg J-Block #36 FmblockVicGrey ',16.40,PC,Accessories - Other,
LXF72689F7,AX Lrg J-Block #04 FmblockWhite,20.02,PC,Accessories - Other,
LXEA152FAB,AX Lrg J-Block #A7 FmblockWicker,16.23,PC,Accessories - Other,
LX3E7B33B6,AX X-Lrg J-Block 090 Uniblockx!,41.46,PC,Accessories - Other,
LXC49F386C,AX X-Lrg J-Block 100 Uniblockx!,19.25,PC,Accessories - Other,
LX789FDE86,AX X-Lrg J-Block #18 Uniblockx!,393.77,PC,Accessories - Other,REVIEW - price may have OCR error
LX8A14DE35,_[ AX X-Lrg J-Block #22 Uniblockxi,72.16,PC,Accessories - Other,
LXDF622413,AX XLng J-Block #35 Uniblockxl,20.81,PC,Accessories - Other,
LXD4EB658B,AX Lrg J-Block 511 Unibiockx!,381.70,PC,Accessories - Other,REVIEW - price may have OCR error
LXBF1EDCCF,AX Meter J-Block #04 Meter,41.04,PC,Accessories - Other,
LX1DC2FB7C,AX Meter J-Block 517 MeterTOlve,9.07,PC,Accessories - Other,
LX2CA666D8,AX Meter J-Block #A7 Meter,30.07,PC,Accessories - Other,
LX70BB25A5,AX Meter J-Block #22 MeterDesSand,45.52,PC,Accessories - Other,
LXD36479B5,AX Meter J-Block #35 MeterHrbGrey,37.34,PC,Accessories - Other,
LXB8C79FB1,AX Mini J-Block #22 MblockDesSand,31.73,PC,Accessories - Other,
LX9D845FA1,AX Mini J-Block #£4 Mblock,35.11,PC,Accessories - Other,
LX1B509C06,AX Mini J-Block #02 MBlockSiIGrey,34.83,PC,Accessories - Other,
LXBC521EDF,AX Mini J-Block #A7 MblockWicker,34.30,PC,Accessories - Other,
LXF5C1D227,AX Rec J-Block #02 Mblockr,29.84,PC,Accessories - Other,
LX1C61A4A9,AX Rec J-Block 080 MblockrDgranite,35.75,PC,Accessories - Other,
LX5B776F4C,AX Rec J-Block #10 MBLOCKR,46.30,PC,Accessories - Other,
LXF9DCED28,AX Rec J-Biock 100 MBLOCKR,33.31,PC,Accessories - Other,
LX598D4DDB,AX Rec J-Block 144 MBLOCKR,30.70,PC,Accessories - Other,
LX2176AF1D,AX Rec J-Block 145 MbiockrBayou,6.54,PC,Accessories - Other,
LX2C67AC07,AX Rec J-Block 146 Mblock Newport,38.77,PC,Accessories - Other,
LXD1496C0D,AX Rec J-Block 147 MblockrBrandywa,35.97,PC,Accessories - Other,
LX51E9E81A,AX Rec J-Block 149 MblockrRedBrck,9.57,PC,Accessories - Other,
LX7AEF077E,AX Rec J-Block 156 MblockrNatSlat,7.72,PC,Accessories - Other,
LX98694EE3,AX Rec J-Block #17 MblockrEverest,9.19,PC,Accessories - Other,
LX779188BE,AX Rec J-Block 170 MblockraWilow,7.21,PC,Accessories - Other,
LX741DF187,AX Rec J-Block 210 MblockiComSil,28.70,PC,Accessories - Other,
LX6D951DB3,AX Rec J-Block 251 MblockrAulHarv,34.46,PC,Accessories - Other,
LXE0FBFE52,AX Rec J-Block 262 MblockrVineyard,7.00,PC,Accessories - Other,
LX0B0744FD,AX Rec J-Block 254 Mblockr,37.80,PC,Accessories - Other,
LX1A11981E,AX Rec J-Block 200 MBLOCKR,7.56,PC,Accessories - Other,
LX9FECC233,AX Rec J-Block #30 MBLOCKR,30.51,PC,Accessories - Other,
LX6BAE1309,AX Rec J-Block #31 MBLOCKR,95.32,PC,Accessories - Other,
LX1640CA9D,AX Rec J-Block #35 Mbiockr,8.26,PC,Accessories - Other,
LX5A7E98F8,AX Rec J-Block 350 MblockrAlpFor,9.62,PC,Accessories - Other,
LX92FB5D25,AX Rec J-Block 362 MblocktDPCavm,9.81,PC,Accessories - Other,
LXB0122028,AX Rec J-Block 353 MblockrRtckHarb,30.76,PC,Accessories - Other,
LX666EDB36,AX Rec J-Block 354 MbiockrWhispmg,38.82,PC,Accessories - Other,
LXE34471F7,AX Rec J-Block #36 MBLOCKR:,7.49,PC,Accessories - Other,
LX60878CAC,AX Rec J-Block 390 MBLOCKR,6.55,PC,Accessories - Other,
LXE6D6BFA4,AX Rec J-Block 510 Mblockr S Thistl,7.46,PC,Accessories - Other,
LXCB658DE7,AX Rec J-Block 511 Mblockr T Olive,32.89,PC,Accessories - Other,
LX3BCB153E,AX Rec J-Block #52 MBLOCKR:,42.73,PC,Accessories - Other,
LXA9A6B3CB,AX Rec J-Block #53 Mblockr,29.93,PC,Accessories - Other,
LXC64F126A,AX Rec J-Block 603 Mblockr,32.30,PC,Accessories - Other,
LXE2E9695D,AX Rec J-Block 612 Mblockr,39.84,PC,Accessories - Other,
LX268B547E,AX Rec J-Block 814 Mblockr,6.48,PC,Accessories - Other,
LXF9C63B8F,AX Rec J-Block #A7 Mblockr,39.09,PC,Accessories - Other,
LXE4AAED4F,AX Rec J-Block #8H Mbiockr,8.20,PC,Accessories - Other,
LXC44CE4C8,AX Rec J-Block #80 Mblockr,8.47,PC,Accessories - Other,
LX11B9397C,AX Rec J-Block #8U Mblockr,30.22,PC,Accessories - Other,
LX79F09E24,AX Rec J-Block #22 MblockrDesSand,33.69,PC,Accessories - Other,
LX56CFE4F0,AX Rec J-Block #EO Mblockr,7.56,PC,Accessories - Other,
LX0417F6C4,AX Rec J-Block #EA Mblockr,37.67,PC,Accessories - Other,
LXD7F0AF01,AX Rec J-Block #ED Mblockr,38.63,PC,Accessories - Other,
LX5AEC016E,AX Rec J-Block #£6 MblockrGlacier,44.34,PC,Accessories - Other,
LX51F2A9D6,AX Rec J-Block #GI Mblockr,9.69,PC,Accessories - Other,
LXAB38DDB3,AX Rec J-Block #GP Mblockr,7.55,PC,Accessories - Other,
LX823DA8DD,AX Rec J-Block IC MblockrLakeshor,40.98,PC,Accessories - Other,
LXA1F49FF1,AX Rec J-Block #iF MblockrMTSuede,46.03,PC,Accessories - Other,
LXFE335D55,AX Rec J-Block #44 MblockrLinen,37.20,PC,Accessories - Other,
LX41E8D3D2,AX Rec J-Block #PW Mblockr,7.04,PC,Accessories - Other,
LXF8694463,AX Rec J-Block #QG Mblockr,9.71,PC,Accessories - Other,
LXE672F0A8,AX Rec J-Block #RD Mblockr,39.90,PC,Accessories - Other,
LX759FB9C1,AX Rec J-Block #18 Mblock'Sage,8.90,PC,Accessories - Other,
LX40ACB0B1,AX Rec J-Block #39 MblockrSandione,8.48,PC,Accessories - Other,
LXA9AF481C,AX Rec J-Block #E7 MblockrTimbrstn,39.95,PC,Accessories - Other,
LX9B6BFF26,AX Rec J-Block #04 MblockrWhite,7.63,PC,Accessories - Other,
LXBEFCCC35,AX Sqr J-Block #02 UniblockSiiver,41.09,PC,Accessories - Other,
LX45A3373F,AX Sqr J-Block 090 UniblockDgranit,7.27,PC,Accessories - Other,
LXB0D7AD78,AX Sqr J-Block #10 UniblockCYelw,42.63,PC,Accessories - Other,
LX6D873748,AX Sar J-Block 100 UniblockReanyon,44.39,PC,Accessories - Other,
LX08F74551,AX Sqr J-Block 144 UniblockMShadw,8.32,PC,Accessories - Other,
LX5B14C355,AX Sqr J-Block 145 UniblockBayou,40.20,PC,Accessories - Other,
LX819D0436,AX Sqr J-Block 146 UniblockNewport,39.49,PC,Accessories - Other,
LX7C2E57F6,AX Sqr J-Block 147 UniblockBrandyw,39.36,PC,Accessories - Other,
LX9CAC7C9F,AX Sqr J-Block 149 UniblockRedBre,36.84,PC,Accessories - Other,
LXA602C2B3,AX Sqr J-Block 156 UniblockNatsit,43.41,PC,Accessories - Other,
LXDFD12D1F,AX Sqr J-Block #17 UniblockEverest,70.34,PC,Accessories - Other,
LXB4766478,AX Sar J-Block 170 UniblockGwiliow,43.62,PC,Accessories - Other,
LXC9EC37B6,AX Sqr J-Block #16 UniblockSage,7.61,PC,Accessories - Other,
LX36A65C13,AX Sqr J-Block 210 UniblockComSi,7.83,PC,Accessories - Other,
LXAD1B539B,AX Sqr J-Block #22 UniblockDesert,91.05,PC,Accessories - Other,
LX12D80566,AX Sqr J-Block 251 UniblockAHrvst,9.30,PC,Accessories - Other,
LXE9FC8C1B,AX Sqr J-Block 252 UniblockVineyrd,7.86,PC,Accessories - Other,
LX91394F8A,AX Sqr J-Block 290 UniblockRusset,8.77,PC,Accessories - Other,
LXA72B362F,AX Sqr J-Block #30 UniblockCisCrm,7.32,PC,Accessories - Other,
LX4DAC421C,AX Sqr J-Block #31 UniblockCameo,8.05,PC,Accessories - Other,
LX94DA480C,AX Sqr J-Block #35 UniblockHarbor,8.11,PC,Accessories - Other,
LXB635A689,AX Sar J-Block 350 UniblockAlpFor,6.95,PC,Accessories - Other,
LXDCF50CDE,AX Sqr J-Blook 352 UniblockDPOvin,9.17,PC,Accessories - Other,
LX72527176,AX Sqr J-Blook 353 UniblockRKHarb,31.85,PC,Accessories - Other,
LXF12FD690,AX Sqr J-Block 354 UniblockWhsprng,7.94,PC,Accessories - Other,
LX07140619,AX Sqr J-Block #36 UniblockVicGry,8.00,PC,Accessories - Other,
LX50B85315,AX Sqr J-Block #39 UniblockSandtne,7.77,PC,Accessories - Other,
LX319E49A9,AX Sqr J-Block 390 UniblockEWedge,6.82,PC,Accessories - Other,
LX93BB6C6B,AX Sar J-Block #44 UniblockLinen,7.99,PC,Accessories - Other,
LX3A867841,AX Sqr J-Block 510 UniblockSThist,7.03,PC,Accessories - Other,
LX32F4CC69,AX Sqr J-Block #52 UniblockPebclay,35.68,PC,Accessories - Other,
LXE644974D,AX Sqr J-Block #53 UniblockAlmond,6.41,PC,Accessories - Other,
LXEE78E8E2,AX Sqr J-Block 802 Unibiock,33.40,PC,Accessories - Other,
LX7C2F754F,AX Sqr J-Block 803 Uniblock,43.88,PC,Accessories - Other,
LXA4FE9C0C,AX Sqr J-Block 812 Unibiock,39.82,PC,Accessories - Other,
LX2254CBA1,AX Sqr J-Block 813 Unibiock,86.84,PC,Accessories - Other,
LX134C893B,AX Sqr J-Block 814 Uniblock,38.25,PC,Accessories - Other,
LXB5EB978C,AX Sqr J-Block #A7 UniblockWicker,7.14,,Accessories - Other,
LXDFA8A7B6,AX Sqr J-Block #04 UniblockWhite,44.59,PC,Accessories - Other,
LX4675D403,AX Sar J-Block #BQ Uniblock,7.13,PC,Accessories - Other,
LX7197CEFD,AX Sqr J-Block #E6 UniblockGlacier,46.16,PC,Accessories - Other,
LX236ED881,AX Sqr J-Block #E7 UniblockTimbers,44.97,PC,Accessories - Other,
LX9053F3D0,AX Sqr J-Block #E9 UniblockAmwaint,40.08,PC,Accessories - Other,
LX63846514,AX Sqr J-Block #EA UniblockHarvSL,8.23,,Accessories - Other,
LX02429149,AX Sqr J-Block #ED UniblockFlint,9.65,PC,Accessories - Other,
LXF009F962,AX Sqr J-Block #GP Uniblock,33.84,PC,Accessories - Other,
LX357BB00D,AX Sqr J-Block #IC UniblockLakeshr,45.30,PC,Accessories - Other,
LXF4435FAC,AX Sqr J-Block #iF UniblockMSuede,33.17,PC,Accessories - Other,
LXEDF44ADD,AX Sqr J-Block #PC UniblockMOClay,42.43,PC,Accessories - Other,
LX6617D85E,AX Sqr J-Block #PW Uniblock,6.23,PC,Accessories - Other,
LX8F9EFD7F,AX Sqr J-Block #QG Uniblock,7.09,PC,Accessories - Other,
LX7BF25D39,AX Lrg J-Block #02 JMBLOCK,22.49,PC,Accessories - Other,
LXC64A9537,AX Lrg J-Block 144 JMBLOCK,16.90,PC,Accessories - Other,
LX746B401C,AX Lrg J-Block #22 JMBLOCK ',20.81,PC,Accessories - Other,
LX084F7A8A,AX Lrg J-Block 350 JMBLOCK,15.43,PC,Accessories - Other,
LX571F75E4,AX Lrg J-Block #52 JMBLOCK,17.12,PC,Accessories - Other,
LX85B55448,"Mastic 7"" Board & Batten BrunswickBB70 $i",94.59,,Siding Panels,
LX37660BB0,"Mastic 7"" Board & Batten Deep Cavr BB70 '",343.81,,Siding Panels,
LX5C245BF4,Mastic 7” Board & Batten DP Granit BB70,230.43,SQ,Siding Panels,
LX1FB38B00,Mastic 7” Board & Batten Harbor GY BB70,151.86,SQ,Siding Panels,
LXCC5FA477,Mastic 7” Board & Batten Lakeshore BB70 3,204.05,SQ,Siding Panels,
LXEBED4479,Mastic 7” Board & Batlen Mist Shdw 8870,160.03,SQ,Accessories - Other,
LXFF3E8A71,Mastic 7” Board & Batten Mnt Suede 8570 si,4.00,SQ,Siding Panels,
LXEBC78DD7,Mastic 7” Board & Batten Nwprt Bay B70,205.40,SQ,Siding Panels,
LXA8994E8A,Mastic 7” Board & Batten Nat Slate 8370,199.01,,Siding Panels,
LX27F83DCD,"Mastic 7"" Board & Batten Peb Clay BB70",155.14,SQ,Siding Panels,
LX865F347D,"Mastic 7"" Board & Batten Rug CanynBB70",218.18,SQ,Siding Panels,
LX31CB911B,Mastic 7” Board & Batten Rock HrbrBB70,266.04,SQ,Siding Panels,
LX329E3E4E,Mastic 7” Board & Batten S ThistleBB70,161.16,SQ,Siding Panels,
LX253E315A,Mastic 7” Board & Batten SandtoneBB70,143.47,SQ,Siding Panels,
LXFD0F8EC5,Mastic 7” Board & Batten Vict GreyBB70,196.75,SQ,Siding Panels,
LXE1869C3F,Mastic 7” Board & Batten White BB70,163.00,SQ,Siding Panels,
LXEDA6F749,Mastic 7” Board & Batien Wicker BB70 3,428.71,SQ,Accessories - Other,REVIEW - price may have OCR error
LXEFC32111,MT Carved D4 Sm Linen CW240S ',108.28,SQ,Accessories - Other,
LXAC9AA757,MT Carved D4 Sm White CW240S,336.55,SQ,Accessories - Other,REVIEW - price may have OCR error
LXE4F3EA51,Mastic Carved D4.5 DL Alpine FstcW2D45,100.34,SQ,Accessories - Other,
LXE3B9F06A,Mastic Carved D4.5 DL Aut HarvstCW2045 3,103.53,SQ,Accessories - Other,
LX3958C941,Mastic Carved D4.5 DL Almond CW2D45 ',72.97,SQ,Accessories - Other,
LXD2BA652D,Mastic Carved D4.5 DL Brunswick CW2D45,100.90,SQ,Accessories - Other,
LX98B6892F,Mastic Carved D4.5 DL Brandywood CW2D45,143.95,SQ,Accessories - Other,
LX6F524F52,Mastic Carved D4.5 DL Cameo CW2D45,309.96,SQ,Accessories - Other,REVIEW - price may have OCR error
LX7587BB2E,Mastic Carved D4.5 DL CL Cream CW2D45,341.95,SQ,Accessories - Other,REVIEW - price may have OCR error
LX58B75FD7,Mastic Carved D4.5 DL Corn Sik CW2D45,109.30,SQ,Accessories - Other,
LX4113D3F0,Mastic Carved 04.5 DL Col Yellow CW2D45,77.89,SQ,Accessories - Other,
LX477AD551,Mastic Carved D4.5 DL Deep Cavmn CW2D45,150.74,SQ,Accessories - Other,
LXCFE1EC2E,Mastic Carved D4.5 DL DP Granite CW2D45,107.08,SQ,Accessories - Other,
LX15AC5287,Mastic Carved D4.5 DL Des Sand CW2D45,88.22,SQ,Accessories - Other,
LX3D253E25,Mastic Carved D4.5 DL Everest CW2D45,96.36,SQ,Accessories - Other,
LX85AFC9FF,Mastic Carved D4.5 DL Eng Wedgew CW2D45,94.22,SQ,Accessories - Other,
LXBF0C9147,Mastic Carved D4.5 DL Harbor Gry CW2045 '§,104.45,SQ,Accessories - Other,
LX9D98D10C,Mastic Carved D4.5 DL Linen CW2D45 ',74.40,SQ,Accessories - Other,
LXCBAFC15C,MT Carved 4.5 DL Mahagony CW2D45 ¥,112.95,SQ,Accessories - Other,
LX2B2698CD,Mastic Carved D4.5 DL Misty Shaw CW2045,109.43,SQ,Accessories - Other,
LX810FA52C,Mastic Carved 4.5 DL Modern Im CW2D45,91.02,SQ,Accessories - Other,
LX082EC9DC,Mastic Carved 4.5 DL Newport BY CW2D45,132.01,SQ,Accessories - Other,
LXF48B02A1,Mastic Carved D4.5 DL Nat Slate CW2D45,109.83,SQ,Accessories - Other,
LX6C611364,Mastic Carved 04.5 DL Peb Clay CW2D45,89.74,SQ,Accessories - Other,
LX1E460F48,Mastic Carved 04.5 DL Q Willow CW2D45,80.83,SQ,Accessories - Other,
LX70ACF2D5,Mastic Carved D4.5 DL Red Brick CW2D45,102.30,SQ,Accessories - Other,
LX59C8265C,Mastic Carved D4.5 DL Rugged Can CW2D45 ',110.03,SQ,Accessories - Other,
LX582BA84E,MT Carved D4.5 DL Rock Harbr CW2D45,131.06,SQ,Accessories - Other,
LX35D4321C,Mastic Carved D4.5 DL Russet Red CW2D45,104.21,SQ,Accessories - Other,
LXF6DB162D,Mastic Carved D4.5 DL Sage CW2D45,86.86,SQ,Accessories - Other,
LX8477D01B,Mastic Carved D4.5 DL Silver Gry CW2D45,450.72,SQ,Accessories - Other,REVIEW - price may have OCR error
LXB381E975,Mastic Carved D4.5 DL S Thistie CW2D45,408.10,SQ,Accessories - Other,REVIEW - price may have OCR error
LX2E85BA8A,Mastic Carved D4.5 DL Sandtone CW2D45 ',78.32,SQ,Accessories - Other,
LX6CBD591C,Mastic Carved D4.5 DL Tusc Olive CW2D45,440.69,SQ,Accessories - Other,REVIEW - price may have OCR error
LX801A1B59,Mastic Carved D4.5 DL Vie Grey CW2D45,79.10,SQ,Accessories - Other,
LXE1DCE957,Mastic Carved D4.5 DL White CW2D45 ',97.18,SQ,Accessories - Other,
LX6BC26EA3,Mastic Carved D4.5 DL Wicker CW2D45,98.73,SQ,Accessories - Other,
LXDF6A7C57,MT Carved D4.5 DL Woodi Retr CW2D45,136.18,SQ,Accessories - Other,
LX57A92FBE,MT Carved D4.5 DL Whisp TIM CW2D45,116.86,SQ,Accessories - Other,
LX6486E532,MT Carved D4 WG Brandywood CW240,160.62,SQ,Accessories - Other,
LX6531686F,MT Carved D4 WG Cameo CW240,106.75,,Accessories - Other,
LX448129D7,MT Carved D4 WG Civ BrwnsineCwW240,106.58,SQ,Accessories - Other,
LX93C56884,MT Carved D4 WG Classic Creamcw240,420.39,SQ,Accessories - Other,REVIEW - price may have OCR error
LX188EEE79,MT Carved D4 WG Com Sik CW240,105.12,SQ,Accessories - Other,
LX854B6C49,MT Carved D4 WG Col Yellow CW240,102.14,SQ,Accessories - Other,
LX7573E2B4,MT Carved D4 WG Deep Cavern CW240,411.83,SQ,Accessories - Other,REVIEW - price may have OCR error
LX036CB9A0,MT Carved D4 WG Deep Granite CW240,126.50,SQ,Accessories - Other,
LX675B84A2,MT Carved D4 WG Desert Sand CW240,95.62,SQ,Accessories - Other,
LXBC49453B,MT Carved D4 WG Everest CW240 §,102.07,SQ,Accessories - Other,
LXE9CEB7E5,MT Carved D4 WG Eng Wedgewood CW240,143.18,SQ,Accessories - Other,
LX0FA7EC4D,MT Carved D4 WG Harbor Grey CW240,103.51,SQ,Accessories - Other,
LX35F9E494,MT Carved D4 WG Linen CW240 ‘,93.84,SQ,Accessories - Other,
LXD9D3833B,MT Carved D4 WG Modem Iron CW240,129.01,SQ,Accessories - Other,
LX726A452D,MT Carved D4 WG Montana Suede CW240 3,113.82,SQ,Accessories - Other,
LX64B60D45,MT Carved D4 WG Newport Bay CW240,110.04,SQ,Accessories - Other,
LXBF8B74F4,MT Carved D4 WG Pebble Clay CW240 ',103.17,SQ,Accessories - Other,
LX5D126A60,MT Carved D4 WG Quiet Willow CW240,149.59,SQ,Accessories - Other,
LXE4533B55,MT Carved D4 WG Red Brick CW240,150.90,SQ,Accessories - Other,
LX3101A5D7,MT Carved 04 WG Rugged Canyon CW240 3,567.88,SQ,Accessories - Other,REVIEW - price may have OCR error
LX602B079A,MT Carved D4 WG Rock Harbor CW240 $3,115.18,SQ,Accessories - Other,
LX0443A355,MT Carved D4 WG Russet Red CW240,91.95,SQ,Accessories - Other,
LX91466772,MT Carved D4 WG Sage CW240 ',107.23,SQ,Accessories - Other,
LX2054E867,MT Carved D4 WG Silver Grey CW240 ',79.69,SQ,Accessories - Other,
LX5EA8FDD0,MT Carved D4 WG Scot Thistle CW240 {,103.80,SQ,Accessories - Other,
LX180B1546,MT Carved D4 WG Sandtone CW240,99.14,SQ,Accessories - Other,
LX11CE3E58,MT Carved D4 WG Tuscan Olive CW240 ',86.02,SQ,Accessories - Other,
LX7E88A90E,Mastic Carved D4 WG Vintge Dublincw240,122.25,SQ,Accessories - Other,
LX7D55872F,MT Carved D4 WG Vic Grey CW240 ',104.30,SQ,Accessories - Other,
LXD12E64EC,MT Carved D4 WG White CW240,86.15,SQ,Accessories - Other,
LX24749A9B,MT Carved D4 WG Wicker CW240,105.19,SQ,Accessories - Other,
LXB3E09C30,MT Carved D4 WG Woodl RetreatCW240,144.59,SQ,Accessories - Other,
LX052FFE3A,MT Carved D5 WG Almond CW250 ',118.08,SQ,Accessories - Other,
LXEE886696,MT Carved D5 WG Cameo CW250 ',111.74,SQ,Accessories - Other,
LX76D01925,MT Carved D5 WG Classic CreamCW250 ',94.28,SQ,Accessories - Other,
LX4B16F788,MT Carved D5 WG Col Yellow CW250,104.57,SQ,Accessories - Other,
LXA74DA618,MT Carved D5 WG Deep Granite CW250,92.62,SQ,Accessories - Other,
LXC1681FBD,MT Carved D5 WG Desert Sand CW250,120.21,SQ,Accessories - Other,
LX1507E212,MT Carved D5 WG Everest CW250,94.84,SQ,Accessories - Other,
LX2FE4C6B6,MT Carved D5 WG Eng Wedgewood CW250,185.26,,Accessories - Other,
LX72CB4371,MT Carved D5 WG Linen CW250 ',102.56,SQ,Accessories - Other,
LXC4422985,MT Carved D5 WG Misty Shadow CW250,169.53,,Accessories - Other,
LX910075F5,MT Carved D5 WG Montana Suede CW250,91.69,,Accessories - Other,
LXB8A73B2D,"MT Carved D5 WG Pebble Clay CW250 """,95.07,SQ,Accessories - Other,
LXA5E7D2CD,MT Carved D5 WG Quiet Willow CW250,141.01,,Accessories - Other,
LX41B6F3E8,MT Carved D5 WG Rugged Canyon CW250 sii,3.59,,Accessories - Other,
LX596927F1,MT Carved D5 WG Sage CW250 ',90.08,SQ,Accessories - Other,
LX1429C9CA,MT Carved D5 WG Sliver Grey CW250,84.03,SQ,Accessories - Other,
LX233EE82F,MT Carved D5 WG Vic Grey CW250 ',84.47,SQ,Accessories - Other,
LXC2EBF124,MT New Ced Disc TS D Granite CDS0P2,393.05,,Accessories - Other,REVIEW - price may have OCR error
LXE0DCC9BD,MT New Ced Disc TS Harbor GY CDS0P2,213.94,,Accessories - Other,
LXEE2E0CCF,MT New Ced Disc TS White CD50P2 ',305.04,SQ,Accessories - Other,
LXDF7595C5,Mastic New Ced Disc D7 Almond CD70P2,262.73,,Accessories - Other,
LX053AF45F,MT New Ged Disc D7 AM Walnut CD70P2 s,312.31,,Accessories - Other,REVIEW - price may have OCR error
LX1BDADBC7,MT New Ced Disc D7 Cameo CD70P2,255.93,SQ,Accessories - Other,
LX08146C3E,MT New Ced Disc D7 CL Cream CD70P2,271.74,,Accessories - Other,
LXCDDFB1A6,Mastic New Ced Disc D7 D Granite CD70P2,304.58,SQ,Accessories - Other,REVIEW - price may have OCR error
LX4C36C4D7,Mastic New Ged Disc D7 Eng Wedge CD70P2 ',332.66,,Accessories - Other,REVIEW - price may have OCR error
LX55ADA591,Mastic New Ced Disc D7 Harbor GY CD70P2 ',265.96,,Accessories - Other,
LX3FCAA3BD,Mastic New Ged Disc D7 M Shadow CD70P2,274.92,,Accessories - Other,REVIEW - price may have OCR error
LXAD070DC2,MT New Ced Disc D7 MT Suede CD70P2 ',323.60,,Accessories - Other,REVIEW - price may have OCR error
LX215B704A,Mastic New Ced Disc D7 Newprt BY CD70P2 ',329.25,SQ,Accessories - Other,REVIEW - price may have OCR error
LXE281A0AE,Mastic New Ced Disc D7 Nat Slate CD70P2,361.82,,Accessories - Other,REVIEW - price may have OCR error
LX3D0BF688,Mastic New Ced Disc D7 Peb Clay CD70P2,244.88,,Accessories - Other,
LX97852FC3,MT New Ged Disc D7 Portsmth CD70P2,327.46,,Accessories - Other,REVIEW - price may have OCR error
LX2DE6E60D,Mastic New Ced Disc D7 Q Willow CD70P2,327.58,,Accessories - Other,REVIEW - price may have OCR error
LXD73EAF19,MT New Ged Disc D7 Red Cedar CD70P2,305.14,,Accessories - Other,REVIEW - price may have OCR error
LX474A2553,Mastic New Ced Disc 07 Silver GY CD70P2,229.21,,Accessories - Other,
LXA46CE50E,Mastic New Ced Disc D7 White CD70P2,241.11,,Accessories - Other,
LX5CFF76CA,MT New Ged Disc D7 Walnut CD70P2,375.52,,Accessories - Other,REVIEW - price may have OCR error
LXCDDA1446,MT Ced Disc D7 Classic Cream CD70P,339.20,,Accessories - Other,
LX6BE0A251,MT Ced Disc D7 Eng Wedgewood CD70P,329.35,,Accessories - Other,REVIEW - price may have OCR error
LXEF3468BF,MT Ged Disc D7 Lakeshore Fern CD70P,324.89,,Accessories - Other,REVIEW - price may have OCR error
LX327794D6,MT Ced Disc D7 Rugged Canyon CD70P,350.72,,Accessories - Other,REVIEW - price may have OCR error
LX4CDF2E1C,MT Ged Disc D7 Russet Red CO70P,281.78,,Accessories - Other,REVIEW - price may have OCR error
LXC0D3835C,MT Ced Disc D7 Victorian Grey CD70P.,235.52,,Accessories - Other,
LXE25E57F3,MT Ced Disc D7 White CD70P,318.70,,Accessories - Other,
LX79506457,MT Ged Disc HS Shake A Hivst CDSSHS,350.73,SQ,Accessories - Other,REVIEW - price may have OCR error
LX07D3C37E,MT Ced Disc HS Shake A Walnt CDSSHS,304.53,,Accessories - Other,REVIEW - price may have OCR error
LX67330D49,MT Ged Disc HS Shake Brandy CD95HS,298.08,SQ,Accessories - Other,REVIEW - price may have OCR error
LXD49F0759,MT Ced Disc HS Shake Cameo CD9SHS,310.77,,Accessories - Other,REVIEW - price may have OCR error
LX99D3BA75,MT Ged Disc HS Shake Cape CD CDS5HS,361.94,SQ,Accessories - Other,REVIEW - price may have OCR error
LX303E6406,MT Ged Disc HS Shake Doranit CD9SHS,320.57,SQ,Accessories - Other,REVIEW - price may have OCR error
LXCEA083A4,MT Ced Disc HS Shake D Sand CD9SHS,250.71,SQ,Accessories - Other,REVIEW - price may have OCR error
LX5D39FC18,MT Ced Disc HS Shake E Wedge CD9SHS,294.03,SQ,Accessories - Other,REVIEW - price may have OCR error
LX30C10E98,MT Ged Disc HS Shake Harbor CDSSHS,273.48,SQ,Accessories - Other,REVIEW - price may have OCR error
LXFA6B9799,MT Ged Disc HS Shake Lakeshr CD95HS,262.96,SQ,Accessories - Other,REVIEW - price may have OCR error
LX80225A9B,MT Ced Disc HS Shake Mahogny CD9SHS,265.27,SQ,Accessories - Other,REVIEW - price may have OCR error
LX70AAAFC3,MT Ged Disc HS Shake M Shadw CD9SHS,314.64,SQ,Accessories - Other,REVIEW - price may have OCR error
LXA195E4FC,MT Ged Disc HS Shake M Suede CD9SHS,256.69,SQ,Accessories - Other,REVIEW - price may have OCR error
LXD1862312,Mastic Ged Disc HS Shake N Slate CD9SHS,238.79,SQ,Accessories - Other,REVIEW - price may have OCR error
LXFB775307,Mastic Ced Disc HS Shake P Clay CD95HS,242.79,SQ,Accessories - Other,REVIEW - price may have OCR error
LXE81CA702,Mastic Ced Disc HS Shake Q Wilw CD9SHS,354.17,,Accessories - Other,REVIEW - price may have OCR error
LX5E59936A,MT Ged Disc HS Shake Red Ced CD95HS,278.69,,Accessories - Other,REVIEW - price may have OCR error
LX966DE74B,MT Ged Disc HS Shake Rock HA CD9SHS,255.67,,Accessories - Other,REVIEW - price may have OCR error
LX05D3B159,MT Ged Disc HS Shake Silver CD8SHS,293.99,SQ,Accessories - Other,REVIEW - price may have OCR error
LX8B4E19B0,Mastic Ced Disc HS Shake S Thist COSSHS,344.42,,Accessories - Other,REVIEW - price may have OCR error
LX946ADF36,MT Ced Disc HS Shake Timber CD9SHS,350.35,SQ,Accessories - Other,REVIEW - price may have OCR error
LXC1E66163,Mastic Ced Disc HS Shake T Olive CD9SHS,310.53,,Accessories - Other,REVIEW - price may have OCR error
LX2F6E9704,MT Ced Disc HS Shake Timbstn CD9SHS:,409.56,SQ,Accessories - Other,REVIEW - price may have OCR error
LXB1219641,Mastic Ced Disc HS Shake White CD9SHS,254.23,SQ,Accessories - Other,REVIEW - price may have OCR error
LX37C3F7A7,MT Ced Disc HS Shake Walnut CD9SHS,314.95,SQ,Accessories - Other,REVIEW - price may have OCR error
LX3EF0A6CA,MT Dbi Finish Trim Cameo Mvait,9.88,PC,Trim,
LXC50BF45E,MT Dbl Finish Trim D GraniteMVDFT,10.29,PC,Trim,
LX39982F3A,MT DbI Finish Trim Des SandMvalt,115.58,PC,Trim,
LX3B207197,MT Dbl Finish Trim EverestMivdft,6.64,PC,Trim,
LX435580B3,MT Dbl Finish Trim HarborGryMvaft,8.65,PC,Trim,
LX0DFD774D,MT Dbl Finish Trim LinenMvaft ',10.44,PC,Trim,
LXE1C3F8ED,MT Dbi Finish Trim PebClayMvdt ',9.74,PC,Trim,
LX40737B2F,MT Dbl Finish Trim RugCanyonMvaft,10.77,PC,Trim,
LXC2B82A4C,MT DBI Finish Trim SageMvdtt,33.85,PC,Trim,
LXD2210EB6,MT DBI Finish Trim SiiverGryMvat,43.62,PC,Trim,
LX7D963C06,MT DbI Finish Trim S ThstieMvatt,9.91,PC,Trim,
LXB9943FDA,ish Trim Tusc OliveMvdft,38.25,PC,Trim,
LX9555F0BE,MT DbI Finish Trim Vic Grey Mvat,10.79,PC,Trim,
LX390265F6,MT Dbi Finish Trim White Mvdft ',7.95,PC,Trim,
LX25827DF7,MT Dbi Finish Trim Wicker Mvdft,7.75,PC,Trim,
LXA545B31D,"AX 6"" Hood Dryer #22 ORYERHOODE '",12.56,PC,Accessories - Other,
LX3CD0E19D,"AX 6"" Hood Dryer #52 DRYERHOODS",273.95,PC,Accessories - Other,REVIEW - price may have OCR error
LX841505F8,AX Hood Dryer 100 DRYERHOOD,82.37,PC,Accessories - Other,
LXA72181CE,AX Hood Dryer 144 Dryerhood,77.33,PC,Accessories - Other,
LX8D5BFD55,AX Hood Dryer 146 DryerhoodNewport,14.17,PC,Accessories - Other,
LX5DB5C2F9,AX Hood Dryer #17 DryerhoodEverest,12.29,PC,Accessories - Other,
LX0E61C5DF,AX Hood Dryer 170 Dryerhoodawillo,302.70,PC,Accessories - Other,REVIEW - price may have OCR error
LXB8848D76,AX Hood Dryer 210 DryerhoodComsik,83.14,PC,Accessories - Other,
LX9263F355,AX Hood Dryer 251 DryerhoodAulHry,320.03,PC,Accessories - Other,REVIEW - price may have OCR error
LXC033C845,AX Hood Dryer 511 DryerhoodTOIve,309.51,PC,Accessories - Other,REVIEW - price may have OCR error
LXE49F7AE3,AX Hood Dryer #53 DryerhoodAlmond,14.31,PC,Accessories - Other,
LXB26B3ECA,AX Hood Dryer #10 DryernoodCyeliow,44.72,PC,Accessories - Other,
LXD4BE2693,AX Hood Dryer #E4 Dryerhood,77.55,PC,Accessories - Other,
LX7A66DE8E,AX Hood Dryer #E6 DryerhoodGlacier,391.94,PC,Accessories - Other,REVIEW - price may have OCR error
LXA52C72FC,AX Hood Dryer #35 DryemoodHGrey,373.35,PC,Accessories - Other,REVIEW - price may have OCR error
LXF55B3F8C,AX Hood Dryer #IC DryerhoodLakeshr,382.31,PC,Accessories - Other,REVIEW - price may have OCR error
LX998A0927,AX Hood Dryer #iF DryerioodMontSU,82.66,PC,Accessories - Other,
LX1D50F37E,AX Hood Dryer #QG Dryerhood,13.39,PC,Accessories - Other,
LX914CAC0C,AX Hood Dryer #52 DryerhoodPClay,17.65,PC,Accessories - Other,
LXF182882A,AX Hood Dryer #18 DryerhoodSage,14.12,PC,Accessories - Other,
LXDF280558,AX Hood Dryer #02 DryerhoodSGrey,363.93,PC,Accessories - Other,REVIEW - price may have OCR error
LX71A4562D,AX Hood Dryer #39 DryerhoodSandtne,14.90,PC,Accessories - Other,
LX651DE625,AX Hood Dryer #36 DryerhoodVGrey,45.20,PC,Accessories - Other,
LXBBA4DADD,AX InExh #04 Intvent White,12.53,PC,Ventilation,
LX61982145,AX InvExh 100 intvent Ruggdcanyon,342.51,PC,Ventilation,REVIEW - price may have OCR error
LXBDF97A5E,AX InVExh #17 Intvent Everest,335.31,PC,Ventilation,REVIEW - price may have OCR error
LXF5B46A9E,AX InVExh 170 Intvent QuietWillow ‘,13.34,PC,Ventilation,
LX9CB69305,AX IntvExh #18 Intvent Sage '¥,16.79,PC,Ventilation,
LXB00D3203,AX inVExh #35 Intvent HarborGrey,87.48,PC,Ventilation,
LXDF7CBF71,AX InvExh #36 Intvent Vict Grey,435.31,PC,Ventilation,REVIEW - price may have OCR error
LXC1FAF9EA,AX InVExh #44 Inlvent Linen,71.44,PC,Ventilation,
LX93BAE699,AX InVExh 511 Intvent TuscanOlive,14.95,PC,Ventilation,
LX982834D2,AX InVExh #52 Inivent PebbieClay,11.49,PC,Ventilation,
LX7F109942,AX InVExh #53 intvent Almond,408.58,PC,Ventilation,REVIEW - price may have OCR error
LXF8AF3367,AX InVExh BAT Intvent Wicker,41.92,PC,Ventilation,
LX725E6081,AX intake Louvr #52 Intake PebClay,372.07,PC,Accessories - Other,REVIEW - price may have OCR error
LXA321FD7C,AX Louv Exhaust 100 ExventRCanyon,276.83,PC,Ventilation,REVIEW - price may have OCR error
LX17B95B17,AX Louv Exhaust 146 Exvent,337.37,PC,Ventilation,REVIEW - price may have OCR error
LX3CF63DAE,AX Louv Exhaust 156 Exvent,16.72,PC,Ventilation,
LXC415A468,AX Louv Exhaust #17 ExventEverest,357.12,PC,Ventilation,REVIEW - price may have OCR error
LXEC04A64C,AX Lou Exhaust 210 ExventComsi,348.55,PC,Ventilation,REVIEW - price may have OCR error
LX81110367,AX Louy Exhaust 251 ExventAutHany,421.25,PC,Ventilation,REVIEW - price may have OCR error
LX860C841D,AX Louv Exhaust 200 ExventRussRed,13.94,PC,Ventilation,
LX6A3A8E64,AX Lou Exhaust 350 Exvent,333.61,PC,Ventilation,REVIEW - price may have OCR error
LX43A4B244,AX Louv Exhaust 353 Exvent,263.44,PC,Ventilation,REVIEW - price may have OCR error
LX13EB6C7B,AX Louv Exhaust 300 ExventeWedgwd,16.98,PC,Ventilation,
LX07791048,AX Louv Exhaust 803 Exvent,13.01,PC,Ventilation,
LXBA8388C2,[AX Louv Exhaust 814 Exvent,13.48,PC,Ventilation,
LX45274FE3,AX Louv Exhaust #A7 Exvent,65.14,PC,Ventilation,
LX49497B7B,AX Louv Exhaust #BH Exvent,16.14,PC,Ventilation,
LXDFC4D205,AX Louv Exhaust #50 Exvent,15.33,PC,Ventilation,
LX8E1B228B,AX Louv Exhaust #3 Exvent,82.00,PC,Ventilation,
LXC4956E47,_[ AX Louv Exhaust #30 ExveniCLCream,16.58,PC,Ventilation,
LX7C7896CA,AX Louv Exhaust #10 ExveniCYeliow,381.60,PC,Ventilation,REVIEW - price may have OCR error
LX2D010A85,AX Louv Exhaust #E6 Exvent ',15.30,PC,Ventilation,
LX6D7FD660,AX Lowy Exhaust #69 Exvent,12.95,PC,Ventilation,
LX338B4E3E,AX Louv Exhaust HED Exvent ‘,12.64,PC,Ventilation,
LX756A1C4C,AX Louw Exhaust #GP Exvent,46.80,PC,Ventilation,
LX1B35B4D0,AX Louv Exhaust #35 ExventHrbGrey,78.03,PC,Ventilation,
